Subject ID: 101,,,,,
Date: 2018-02-23,,,,,
Time: 22:08:55.027000,,,,,
,,,,,
Begining Recognition Session,,,,,
TrialNum,Scene,QNum,Correct,Keypress,RT
1,LisaCoOp,Q3,f,f,7.9034
2,Co-Op,Q1,t,t,8.806
3,TommyNugget,Q8,t,f,8.8885
4,TommyDelta,Q6,f,f,10.3899
5,LisaNugget,Q9,t,f,14.6791
6,Mishkas,Q1,t,t,8.3267
7,TommyCoOp,Q6,t,t,5.1428
8,LisaCoOp,Q2,t,t,14.234
9,LisaMishkas,Q9,f,f,15.9753
10,LisaNugget,Q2,f,f,9.5017
11,LisaDelta,Q6,f,f,14.2568
12,TommyNugget,Q9,f,t,9.4228
13,LisaNugget,Q1,t,t,4.8326
14,TommyNugget,Q3,f,f,6.9002
15,LisaCoOp,Q10,t,f,8.2465
16,LisaNugget,Q7,f,t,13.3111
17,Delta,Q6,f,f,5.599
18,Nugget,Q5,f,t,3.3777
19,TommyNugget,Q6,f,f,7.9897
20,Mishkas,Q4,f,t,8.6616
21,LisaCoOp,Q9,f,f,4.4529
22,LisaMishkas,Q7,f,t,14.5602
23,TommyMishkas,Q9,f,f,5.5329
24,TommyCoOp,Q8,t,t,13.4733
25,TommyDelta,Q1,t,t,6.2999
26,LisaDelta,Q2,t,t,9.5321
27,LisaDelta,Q8,f,f,10.0954
28,TommyMishkas,Q1,t,t,5.1375
29,TommyCoOp,Q4,f,f,6.9733
30,TommyMishkas,Q5,t,f,8.0282
31,Co-Op,Q2,f,f,5.2926
32,LisaNugget,Q6,t,t,5.7965
33,LisaMishkas,Q3,t,t,9.0785
34,TommyDelta,Q3,t,f,5.1371
35,Delta,Q2,t,f,9.9237
36,TommyCoOp,Q2,t,f,7.2172
37,TommyMishkas,Q3,f,f,5.4056
38,Delta,Q5,t,t,7.4293
39,TommyCoOp,Q5,t,f,4.2223
40,Mishkas,Q6,f,f,9.4861
41,LisaMishkas,Q1,t,t,7.0904
42,LisaCoOp,Q4,f,f,4.4294
43,TommyDelta,Q10,t,t,8.3341
44,Delta,Q3,f,f,5.7275
45,Mishkas,Q5,t,t,8.1242
46,TommyCoOp,Q10,f,f,6.4353
47,LisaNugget,Q3,t,t,4.9917
48,TommyNugget,Q10,t,f,7.0406
49,LisaMishkas,Q4,f,f,5.0285
50,Co-Op,Q6,t,t,14.8129
51,Nugget,Q2,f,f,18.7848
52,TommyMishkas,Q4,f,f,4.8189
53,LisaCoOp,Q7,t,f,9.0872
54,TommyCoOp,Q1,f,f,3.2084
55,LisaCoOp,Q5,t,t,5.0971
56,Nugget,Q1,t,t,7.7593
57,TommyNugget,Q5,f,f,4.0985
58,LisaDelta,Q3,t,t,3.3917
59,LisaNugget,Q5,f,f,7.1258
60,Nugget,Q4,f,t,12.848
61,TommyNugget,Q2,t,f,4.0763
62,TommyNugget,Q7,f,f,6.5419
63,Co-Op,Q3,f,f,4.4588
64,LisaDelta,Q7,t,t,9.8619
65,TommyCoOp,Q9,t,f,7.0101
66,LisaNugget,Q10,f,f,3.5311
67,TommyMishkas,Q8,t,f,6.1343
68,TommyMishkas,Q6,f,f,5.5864
69,LisaMishkas,Q5,t,f,4.3126
70,TommyMishkas,Q2,t,f,5.3429
71,LisaMishkas,Q2,f,f,4.7281
72,Co-Op,Q5,f,f,5.5286
73,Mishkas,Q2,t,f,4.9666
74,LisaCoOp,Q6,f,f,2.6695
75,TommyNugget,Q4,t,t,4.8054
76,TommyDelta,Q9,f,t,9.5276
77,TommyNugget,Q1,t,t,18.132
78,Mishkas,Q3,f,f,4.027
79,LisaMishkas,Q6,t,t,16.1142
80,Nugget,Q3,t,f,8.7606
81,TommyCoOp,Q7,f,t,3.5159
82,LisaNugget,Q8,t,t,6.2557
83,TommyDelta,Q7,t,f,7.0622
84,LisaDelta,Q4,f,f,8.1753
85,TommyDelta,Q8,f,f,9.2302
86,LisaDelta,Q5,t,t,3.3988
87,Nugget,Q6,t,f,5.5214
88,Co-Op,Q4,t,t,7.3256
89,TommyMishkas,Q7,t,t,5.7895
90,LisaMishkas,Q8,f,t,3.8
91,TommyDelta,Q2,f,t,8.2112
92,LisaDelta,Q10,t,t,10.632
93,TommyCoOp,Q3,f,f,3.2227
94,TommyDelta,Q5,t,t,3.0371
95,LisaNugget,Q4,f,f,7.062
96,LisaDelta,Q1,f,f,3.9032
97,LisaDelta,Q9,f,f,10.0363
98,LisaCoOp,Q1,t,f,4.2213
99,Delta,Q1,f,f,19.6165
100,TommyDelta,Q4,f,f,7.8484
101,TommyMishkas,Q10,f,f,7.4759
102,LisaMishkas,Q10,t,t,2.865
103,LisaCoOp,Q8,f,f,13.325
104,Delta,Q4,t,t,8.3735