Subject ID: 102,,,,,
Date: 2018-02-23,,,,,
Time: 23:35:34.542000,,,,,
,,,,,
Begining Recognition Session,,,,,
TrialNum,Scene,QNum,Correct,Keypress,RT
1,TommyMishkas,Q4,f,f,4.1196
2,LisaMishkas,Q7,f,f,4.0247
3,TommyDelta,Q4,f,f,14.6407
4,TommyDelta,Q8,f,f,4.6871
5,Mishkas,Q2,t,t,2.4733
6,Delta,Q5,t,t,4.8923
7,TommyCoOp,Q9,t,t,2.345
8,Nugget,Q6,t,f,3.4581
9,TommyMishkas,Q2,t,f,5.3408
10,Nugget,Q5,f,f,2.7573
11,LisaNugget,Q3,t,t,1.4877
12,LisaMishkas,Q2,f,f,5.9156
13,LisaCoOp,Q8,f,t,3.5292
14,LisaMishkas,Q4,f,f,3.5106
15,Delta,Q6,f,t,3.9871
16,LisaNugget,Q6,t,t,1.8117
17,TommyDelta,Q5,t,t,2.5351
18,TommyDelta,Q7,t,f,3.5064
19,LisaNugget,Q10,f,f,3.4561
20,Delta,Q3,f,f,4.216
21,TommyDelta,Q3,t,t,16.9576
22,LisaCoOp,Q2,t,t,1.4778
23,LisaDelta,Q3,t,t,2.1276
24,TommyMishkas,Q10,f,f,4.0598
25,Co-Op,Q5,f,f,2.9807
26,Co-Op,Q3,f,t,2.3786
27,LisaDelta,Q9,f,t,6.8387
28,TommyMishkas,Q7,t,t,2.9519
29,LisaCoOp,Q10,t,t,4.9047
30,LisaCoOp,Q3,f,f,1.7501
31,Mishkas,Q3,f,f,2.0048
32,LisaMishkas,Q6,t,t,1.6768
33,TommyMishkas,Q9,f,f,1.7463
34,LisaNugget,Q1,t,t,4.3268
35,Delta,Q2,t,t,3.9876
36,LisaCoOp,Q5,t,t,1.2567
37,Nugget,Q2,f,f,2.1363
38,TommyDelta,Q1,t,t,3.8277
39,TommyNugget,Q1,t,f,1.6555
40,LisaNugget,Q8,t,t,3.1205
41,TommyNugget,Q5,f,f,3.3631
42,TommyMishkas,Q1,t,t,6.8672
43,TommyCoOp,Q8,t,t,2.1841
44,TommyDelta,Q2,f,t,1.6209
45,LisaCoOp,Q6,f,f,1.6245
46,Delta,Q1,f,f,3.139
47,TommyNugget,Q10,t,t,2.4456
48,LisaDelta,Q4,f,f,5.5685
49,LisaMishkas,Q9,f,f,5.4556
50,Co-Op,Q4,t,t,3.3697
51,TommyNugget,Q8,t,f,2.4989
52,TommyNugget,Q4,t,t,1.7989
53,TommyMishkas,Q6,f,f,3.1037
54,TommyNugget,Q2,t,t,1.8883
55,LisaMishkas,Q10,t,t,1.7643
56,TommyNugget,Q6,f,f,1.6834
57,LisaDelta,Q2,t,f,3.66
58,Nugget,Q1,t,f,1.8992
59,LisaMishkas,Q3,t,t,2.4651
60,TommyCoOp,Q6,t,t,2.9331
61,LisaDelta,Q7,t,f,3.0828
62,TommyNugget,Q7,f,f,2.9338
63,TommyMishkas,Q8,t,t,2.4916
64,Mishkas,Q6,f,t,3.5117
65,LisaMishkas,Q5,t,t,5.0522
66,Mishkas,Q1,t,f,2.6378
67,TommyDelta,Q10,t,t,3.492
68,Nugget,Q3,t,t,3.4254
69,TommyCoOp,Q7,f,t,1.4343
70,LisaNugget,Q5,f,t,1.4538
71,TommyNugget,Q3,f,t,5.343
72,TommyCoOp,Q2,t,t,1.7044
73,LisaNugget,Q2,f,f,4.809
74,LisaNugget,Q9,t,t,3.1477
75,LisaMishkas,Q1,t,t,2.4801
76,TommyCoOp,Q5,t,t,1.5069
77,Co-Op,Q6,t,f,4.4719
78,TommyCoOp,Q1,f,f,2.5008
79,LisaDelta,Q5,t,t,5.7602
80,LisaNugget,Q7,f,f,3.9537
81,LisaDelta,Q6,f,f,2.3931
82,TommyNugget,Q9,f,f,1.8276
83,LisaCoOp,Q7,t,t,3.567
84,LisaDelta,Q10,t,t,5.6941
85,TommyMishkas,Q3,f,f,3.2624
86,Delta,Q4,t,t,3.597
87,TommyCoOp,Q10,f,f,2.0274
88,TommyCoOp,Q3,f,f,2.8995
89,TommyMishkas,Q5,t,f,4.0654
90,LisaCoOp,Q9,f,f,1.8115
91,LisaCoOp,Q4,f,f,3.6702
92,Mishkas,Q4,f,f,6.5742
93,TommyDelta,Q6,f,f,2.669
94,Co-Op,Q1,t,t,2.516
95,Mishkas,Q5,t,t,4.8494
96,LisaMishkas,Q8,f,f,7.6296
97,TommyCoOp,Q4,f,t,2.3557
98,LisaCoOp,Q1,t,t,1.5686
99,LisaDelta,Q8,f,t,3.1071
100,TommyDelta,Q9,f,t,3.3412
101,Nugget,Q4,f,t,24.6371
102,Co-Op,Q2,f,t,3.2776
103,LisaNugget,Q4,f,f,4.9233
104,LisaDelta,Q1,f,f,3.8311