Subject ID: 103,,,,,
Date: 2018-02-26,,,,,
Time: 13:35:19.177000,,,,,
,,,,,
Begining Recognition Session,,,,,
TrialNum,Scene,QNum,Correct,Keypress,RT
1,TommyMishkas,Q4,f,f,3.5996
2,Co-Op,Q1,t,f,7.7401
3,TommyMishkas,Q5,t,f,2.5539
4,Nugget,Q4,f,f,3.6918
5,TommyCoOp,Q10,f,t,4.6351
6,Mishkas,Q3,f,t,1.996
7,TommyCoOp,Q7,f,t,1.9883
8,TommyNugget,Q7,f,t,2.5373
9,TommyNugget,Q6,f,f,1.9606
10,TommyMishkas,Q3,f,f,3.0881
11,TommyDelta,Q2,f,f,3.1223
12,Co-Op,Q2,f,f,2.5259
13,LisaNugget,Q1,t,t,7.2499
14,Nugget,Q1,t,f,1.9109
15,LisaNugget,Q2,f,t,2.1422
16,TommyDelta,Q10,t,t,3.8741
17,LisaNugget,Q4,f,f,4.8702
18,LisaCoOp,Q6,f,f,3.0834
19,LisaDelta,Q2,t,f,3.2463
20,Delta,Q6,f,f,3.1962
21,Co-Op,Q6,t,t,3.5034
22,LisaMishkas,Q8,f,t,3.7006
23,TommyMishkas,Q1,t,t,3.9333
24,LisaDelta,Q9,f,f,3.7153
25,Mishkas,Q6,f,t,2.8607
26,Co-Op,Q5,f,f,3.4415
27,LisaCoOp,Q7,t,t,2.7397
28,LisaNugget,Q8,t,t,2.1017
29,LisaNugget,Q6,t,t,1.6559
30,LisaDelta,Q7,t,f,4.2976
31,Mishkas,Q5,t,t,3.351
32,Delta,Q5,t,t,2.1682
33,Delta,Q4,t,t,1.869
34,LisaMishkas,Q5,t,t,1.7856
35,LisaCoOp,Q10,t,t,3.4687
36,TommyNugget,Q5,f,f,2.4807
37,LisaMishkas,Q3,t,t,4.0518
38,Co-Op,Q3,f,t,2.9326
39,TommyNugget,Q4,t,t,2.5554
40,LisaMishkas,Q9,f,t,2.805
41,TommyCoOp,Q8,t,t,2.109
42,Delta,Q3,f,f,2.7276
43,LisaNugget,Q10,f,f,3.5691
44,LisaDelta,Q5,t,t,3.1587
45,TommyCoOp,Q9,t,t,1.8181
46,LisaCoOp,Q2,t,t,1.6378
47,LisaCoOp,Q9,f,f,1.5842
48,LisaCoOp,Q5,t,t,3.036
49,LisaDelta,Q1,f,f,2.0376
50,Delta,Q2,t,t,3.1102
51,Mishkas,Q2,t,f,2.3774
52,TommyNugget,Q3,f,f,6.0552
53,TommyNugget,Q8,t,t,3.0797
54,TommyDelta,Q1,t,t,5.1565
55,TommyCoOp,Q6,t,t,1.7611
56,Mishkas,Q1,t,f,2.6469
57,LisaNugget,Q5,f,t,8.6353
58,LisaNugget,Q3,t,t,1.8415
59,Nugget,Q5,f,f,2.1254
60,TommyDelta,Q3,t,t,5.2284
61,Delta,Q1,f,f,1.806
62,Nugget,Q6,t,f,2.4575
63,LisaNugget,Q7,f,f,2.046
64,TommyMishkas,Q6,f,t,1.9995
65,TommyMishkas,Q10,f,f,1.9829
66,TommyMishkas,Q8,t,t,3.6474
67,LisaMishkas,Q7,f,f,4.6865
68,LisaDelta,Q3,t,t,1.926
69,LisaCoOp,Q3,f,f,2.8368
70,LisaMishkas,Q1,t,t,2.6957
71,TommyDelta,Q9,f,f,4.3704
72,TommyMishkas,Q9,f,f,5.7543
73,TommyCoOp,Q1,f,f,2.5376
74,Nugget,Q3,t,f,1.9386
75,TommyNugget,Q10,t,t,1.7226
76,Co-Op,Q4,t,f,3.4173
77,LisaMishkas,Q2,f,f,2.037
78,TommyDelta,Q7,t,t,4.1266
79,TommyMishkas,Q2,t,t,3.2266
80,TommyNugget,Q9,f,f,3.0202
81,LisaNugget,Q9,t,t,2.3175
82,LisaDelta,Q6,f,f,3.2938
83,LisaCoOp,Q1,t,t,7.1571
84,LisaCoOp,Q4,f,f,3.8048
85,LisaCoOp,Q8,f,t,2.1564
86,LisaMishkas,Q10,t,t,4.5002
87,TommyNugget,Q1,t,t,2.1882
88,LisaDelta,Q10,t,t,3.3612
89,LisaMishkas,Q4,f,t,2.0083
90,TommyDelta,Q5,t,t,2.5535
91,TommyMishkas,Q7,t,t,2.3117
92,TommyCoOp,Q3,f,f,1.5745
93,TommyNugget,Q2,t,t,2.0376
94,TommyCoOp,Q4,f,f,2.8942
95,LisaMishkas,Q6,t,t,2.8281
96,TommyDelta,Q4,f,f,3.2461
97,TommyDelta,Q6,f,f,3.0219
98,LisaDelta,Q4,f,f,1.9189
99,TommyDelta,Q8,f,f,1.9893
100,TommyCoOp,Q5,t,t,1.6611
101,Mishkas,Q4,f,t,3.509
102,LisaDelta,Q8,f,t,3.1226
103,TommyCoOp,Q2,t,t,1.8043
104,Nugget,Q2,f,f,3.0228