Subject ID: 104
Date: 2018-02-26
Time: 15:43:05.336000

Begining Recognition Session
TrialNum,Scene,QNum,Correct,Keypress,RT
1,LisaMishkas,Q10,t,t,12.1270
2,LisaMishkas,Q1,t,t,4.7890
3,TommyDelta,Q3,t,t,12.0728
4,LisaNugget,Q6,t,t,4.3846
5,Co-Op,Q3,f,f,6.1711
6,LisaMishkas,Q6,t,t,22.0943
7,TommyDelta,Q5,t,t,10.7278
8,LisaDelta,Q6,f,f,8.3857
9,LisaNugget,Q10,f,t,5.4433
10,TommyNugget,Q5,f,t,11.1247
11,TommyMishkas,Q9,f,t,10.4311
12,TommyCoOp,Q3,f,t,12.9171
13,Nugget,Q1,t,f,6.9666
14,Co-Op,Q4,t,t,7.1574
15,Nugget,Q3,t,f,4.4080
16,Nugget,Q5,f,t,3.2667
17,LisaDelta,Q1,f,t,8.2575
18,Nugget,Q4,f,f,5.8703
19,TommyCoOp,Q9,t,t,3.1091
20,Mishkas,Q6,f,t,12.6219
21,Mishkas,Q1,t,f,7.0620
22,LisaNugget,Q5,f,f,5.1810
23,Nugget,Q6,t,f,6.0390
24,LisaMishkas,Q4,f,f,10.7550
25,LisaCoOp,Q4,f,f,7.2380
26,TommyCoOp,Q8,t,t,8.2337
27,TommyCoOp,Q2,t,t,4.4240
28,LisaNugget,Q4,f,f,4.6665
29,LisaCoOp,Q6,f,f,6.3846
30,LisaCoOp,Q7,t,f,11.2919
31,TommyCoOp,Q7,f,f,7.2569
32,Delta,Q5,t,t,5.3435
33,Co-Op,Q2,f,f,5.2809
34,LisaMishkas,Q5,t,f,7.3819
35,LisaCoOp,Q10,t,t,7.3281
36,LisaNugget,Q8,t,f,6.6167
37,TommyDelta,Q10,t,t,6.8147
38,LisaDelta,Q8,f,f,9.0111
39,LisaNugget,Q2,f,f,5.3536
40,LisaMishkas,Q3,t,f,4.2349
41,LisaDelta,Q7,t,t,12.0116
42,Co-Op,Q6,t,f,10.2369
43,TommyMishkas,Q5,t,f,13.4369
44,TommyNugget,Q3,f,f,5.4702
45,LisaCoOp,Q2,t,t,7.5773
46,Co-Op,Q1,t,t,5.6081
47,LisaNugget,Q3,t,t,3.3019
48,LisaMishkas,Q2,f,f,3.4062
49,TommyDelta,Q8,f,t,12.2068
50,Delta,Q1,f,t,4.0111
51,LisaCoOp,Q1,t,t,10.7315
52,TommyNugget,Q6,f,f,8.4132
53,Co-Op,Q5,f,f,8.5753
54,Delta,Q6,f,f,3.3336
55,TommyMishkas,Q6,f,f,4.0464
56,TommyMishkas,Q7,t,f,8.4720
57,TommyMishkas,Q10,f,f,4.6672
58,TommyNugget,Q9,f,f,4.7710
59,TommyCoOp,Q5,t,f,2.7093
60,LisaMishkas,Q7,f,f,4.5420
61,TommyMishkas,Q3,f,f,6.9959
62,TommyDelta,Q6,f,f,5.2760
63,TommyDelta,Q1,t,t,7.1927
64,LisaDelta,Q3,t,t,3.7587
65,TommyCoOp,Q6,t,t,3.0005
66,LisaCoOp,Q8,f,t,14.5841
67,Mishkas,Q2,t,f,4.3032
68,TommyCoOp,Q4,f,f,5.3021
69,TommyDelta,Q4,f,f,6.2449
70,TommyMishkas,Q4,f,t,5.0272
71,LisaNugget,Q1,t,t,7.4994
72,LisaNugget,Q7,f,f,6.9824
73,TommyDelta,Q9,f,t,7.1896
74,TommyNugget,Q4,t,t,3.1077
75,Mishkas,Q3,f,f,3.2698
76,Mishkas,Q5,t,t,6.1732
77,TommyNugget,Q1,t,t,4.1861
78,LisaMishkas,Q9,f,f,4.1811
79,TommyDelta,Q2,f,t,8.1050
80,TommyMishkas,Q2,t,t,4.2444
81,LisaNugget,Q9,t,t,3.3306
82,TommyNugget,Q10,t,t,5.6087
83,LisaDelta,Q4,f,f,3.5128
84,LisaMishkas,Q8,f,t,3.8921
85,LisaDelta,Q10,t,f,7.3689
86,LisaCoOp,Q5,t,f,4.8538
87,TommyNugget,Q8,t,f,4.2394
88,TommyCoOp,Q10,f,f,5.1171
89,Delta,Q2,t,t,4.6861
90,TommyMishkas,Q8,t,t,5.9532
91,LisaCoOp,Q3,f,f,6.3666
92,Delta,Q4,t,t,2.7046
93,LisaDelta,Q5,t,f,7.7860
94,TommyDelta,Q7,t,f,7.8682
95,Delta,Q3,f,f,4.6807
96,LisaDelta,Q2,t,f,6.2810
97,TommyCoOp,Q1,f,t,5.0551
98,LisaDelta,Q9,f,f,4.2409
99,Mishkas,Q4,f,t,3.6158
100,TommyNugget,Q7,f,t,4.9495
101,Nugget,Q2,f,f,9.2443
102,TommyNugget,Q2,t,f,6.1141
103,LisaCoOp,Q9,f,f,4.5911
104,TommyMishkas,Q1,t,f,13.9632
