Subject ID: 105,,,,,
Date: 2018-03-05,,,,,
Time: 11:46:37.537000,,,,,
,,,,,
Begining Recognition Session,,,,,
TrialNum,Scene,QNum,Correct,Keypress,RT
1,TommyNugget,Q3,f,f,8.8473
2,TommyDelta,Q3,t,t,5.7078
3,LisaMishkas,Q6,t,t,5.2098
4,LisaNugget,Q3,t,f,3.0112
5,LisaCoOp,Q8,f,f,4.7958
6,TommyDelta,Q1,t,t,4.0027
7,LisaNugget,Q4,f,f,3.885
8,Nugget,Q4,f,f,7.436
9,LisaCoOp,Q3,f,f,10.9258
10,Co-Op,Q1,t,t,4.3542
11,TommyCoOp,Q7,f,f,2.8136
12,LisaDelta,Q1,f,t,6.6972
13,LisaCoOp,Q2,t,t,3.937
14,TommyNugget,Q9,f,f,3.6418
15,LisaMishkas,Q9,f,f,8.9787
16,LisaNugget,Q9,t,t,7.7567
17,TommyDelta,Q8,f,f,7.6391
18,Delta,Q6,f,f,3.263
19,Delta,Q5,t,t,3.4386
20,TommyDelta,Q7,t,t,2.6746
21,TommyNugget,Q4,t,t,3.235
22,TommyMishkas,Q10,f,f,6.7775
23,LisaMishkas,Q5,t,f,6.0032
24,Nugget,Q5,f,f,2.273
25,LisaMishkas,Q8,f,f,4.1589
26,Delta,Q3,f,f,6.1332
27,TommyCoOp,Q5,t,t,7.1823
28,Nugget,Q6,t,f,5.0344
29,Mishkas,Q6,f,f,5.5272
30,LisaDelta,Q9,f,f,6.4888
31,TommyNugget,Q10,t,t,4.3949
32,Co-Op,Q4,t,f,4.0713
33,TommyMishkas,Q2,t,f,8.147
34,LisaDelta,Q6,f,f,9.5997
35,TommyDelta,Q5,t,t,2.6906
36,TommyCoOp,Q8,t,f,2.2758
37,LisaMishkas,Q1,t,f,6.6415
38,TommyNugget,Q1,t,f,8.8153
39,LisaDelta,Q4,f,f,4.3732
40,TommyDelta,Q4,f,f,4.9608
41,LisaCoOp,Q6,f,t,1.8758
42,LisaNugget,Q6,t,t,2.3993
43,Co-Op,Q5,f,t,3.1045
44,TommyMishkas,Q5,t,t,3.0117
45,TommyMishkas,Q7,t,t,8.0281
46,TommyCoOp,Q2,t,t,5.5419
47,TommyNugget,Q6,f,t,3.048
48,TommyDelta,Q9,f,f,7.1939
49,LisaMishkas,Q10,t,t,2.5425
50,TommyCoOp,Q1,f,t,2.5153
51,Co-Op,Q2,f,f,3.5596
52,LisaDelta,Q2,t,t,5.0627
53,TommyMishkas,Q1,t,f,5.7355
54,TommyCoOp,Q10,f,f,2.2553
55,LisaCoOp,Q10,t,t,5.6207
56,TommyNugget,Q7,f,t,4.9047
57,LisaNugget,Q1,t,t,4.0023
58,LisaNugget,Q8,t,t,3.9328
59,TommyCoOp,Q3,f,f,4.6535
60,TommyCoOp,Q6,t,t,2.7768
61,LisaDelta,Q8,f,f,5.2514
62,LisaCoOp,Q9,f,f,4.4383
63,TommyMishkas,Q4,f,f,2.3641
64,LisaNugget,Q2,f,f,3.3244
65,LisaNugget,Q10,f,f,2.6056
66,LisaMishkas,Q3,t,t,3.028
67,TommyMishkas,Q8,t,t,3.0852
68,Nugget,Q1,t,f,2.472
69,TommyDelta,Q6,f,f,3.4671
70,LisaCoOp,Q1,t,t,2.224
71,LisaCoOp,Q5,t,f,3.8207
72,TommyDelta,Q2,f,f,4.0343
73,Co-Op,Q6,t,f,8.8771
74,Nugget,Q2,f,f,2.5808
75,TommyNugget,Q8,t,t,4.1547
76,Delta,Q2,t,t,3.2172
77,LisaMishkas,Q7,f,f,5.3115
78,TommyCoOp,Q4,f,f,2.8436
79,LisaCoOp,Q7,t,t,5.2083
80,LisaCoOp,Q4,f,f,3.8816
81,Delta,Q1,f,t,3.3452
82,Mishkas,Q1,t,f,4.2746
83,LisaNugget,Q5,f,t,5.3481
84,TommyDelta,Q10,t,f,5.1609
85,Mishkas,Q4,f,f,8.5847
86,TommyCoOp,Q9,t,t,9.2807
87,TommyMishkas,Q6,f,f,3.0426
88,LisaMishkas,Q4,f,t,2.3243
89,LisaNugget,Q7,f,t,3.1954
90,Mishkas,Q2,t,f,2.745
91,Co-Op,Q3,f,f,2.5791
92,Nugget,Q3,t,f,4.2889
93,TommyNugget,Q5,f,f,2.8026
94,TommyNugget,Q2,t,t,6.894
95,Mishkas,Q3,f,f,3.7786
96,TommyMishkas,Q9,f,f,2.7994
97,LisaDelta,Q5,t,t,3.587
98,LisaDelta,Q7,t,t,4.3145
99,Mishkas,Q5,t,f,8.0446
100,LisaDelta,Q3,t,t,2.895
101,Delta,Q4,t,t,2.5406
102,LisaMishkas,Q2,f,f,2.8654
103,TommyMishkas,Q3,f,f,7.8862
104,LisaDelta,Q10,t,t,3.3566