Subject ID: 106,,,,,
Date: 2018-03-05,,,,,
Time: 13:58:05.870000,,,,,
,,,,,
Begining Recognition Session,,,,,
TrialNum,Scene,QNum,Correct,Keypress,RT
1,LisaDelta,Q4,f,f,2.8717
2,LisaNugget,Q6,t,t,3.3383
3,Nugget,Q3,t,f,3.6089
4,TommyDelta,Q5,t,t,3.0965
5,Co-Op,Q2,f,f,5.1935
6,LisaNugget,Q10,f,t,2.7266
7,TommyCoOp,Q6,t,t,5.6417
8,Delta,Q2,t,t,4.3283
9,TommyDelta,Q8,f,f,5.273
10,LisaDelta,Q8,f,t,7.1814
11,TommyNugget,Q4,t,t,3.6189
12,Mishkas,Q4,f,f,5.1457
13,TommyCoOp,Q10,f,f,3.1806
14,LisaMishkas,Q10,t,t,3.9937
15,TommyCoOp,Q9,t,t,4.6979
16,TommyDelta,Q7,t,t,2.9778
17,Delta,Q5,t,t,4.0898
18,TommyNugget,Q9,f,f,4.0756
19,LisaNugget,Q5,f,f,5.0139
20,Nugget,Q6,t,t,3.7898
21,TommyMishkas,Q3,f,f,2.4999
22,TommyDelta,Q10,t,t,5.3718
23,LisaDelta,Q10,t,t,4.6973
24,TommyNugget,Q1,t,f,8.503
25,TommyNugget,Q5,f,f,3.7522
26,TommyDelta,Q9,f,t,3.6317
27,TommyNugget,Q10,t,t,4.2196
28,LisaCoOp,Q9,f,f,3.3292
29,TommyMishkas,Q9,f,f,2.9114
30,TommyDelta,Q4,f,f,4.3097
31,Co-Op,Q6,t,t,7.1819
32,LisaNugget,Q4,f,f,4.1623
33,TommyCoOp,Q1,f,f,5.879
34,TommyMishkas,Q4,f,f,2.1639
35,LisaDelta,Q5,t,t,2.7286
36,LisaNugget,Q3,t,t,3.2012
37,TommyMishkas,Q8,t,t,3.4627
38,TommyMishkas,Q2,t,t,3.9367
39,LisaCoOp,Q7,t,t,5.391
40,Delta,Q4,t,t,4.6164
41,Nugget,Q4,f,f,3.1834
42,LisaDelta,Q3,t,t,3.746
43,TommyMishkas,Q7,t,t,2.51
44,TommyMishkas,Q6,f,f,3.0106
45,TommyDelta,Q3,t,t,3.7953
46,TommyDelta,Q6,f,f,3.2065
47,LisaCoOp,Q3,f,f,2.3712
48,Co-Op,Q3,f,f,4.409
49,LisaDelta,Q6,f,f,3.8622
50,TommyCoOp,Q8,t,t,4.9149
51,TommyCoOp,Q7,f,f,2.8334
52,LisaDelta,Q7,t,t,4.2137
53,Co-Op,Q1,t,t,3.1757
54,LisaDelta,Q2,t,f,6.6581
55,LisaDelta,Q1,f,f,2.121
56,Delta,Q1,f,f,5.1564
57,LisaMishkas,Q3,t,t,2.7815
58,Mishkas,Q3,f,f,3.2744
59,TommyDelta,Q1,t,t,6.1596
60,Mishkas,Q1,t,t,5.8133
61,LisaMishkas,Q5,t,t,5.5129
62,LisaCoOp,Q10,t,t,4.8042
63,LisaMishkas,Q2,f,f,4.7601
64,TommyNugget,Q2,t,t,3.4758
65,TommyMishkas,Q1,t,t,6.1578
66,LisaNugget,Q7,f,f,5.394
67,TommyMishkas,Q5,t,f,6.0383
68,LisaMishkas,Q6,t,f,4.8826
69,LisaCoOp,Q8,f,t,4.3318
70,TommyNugget,Q6,f,f,3.3122
71,TommyDelta,Q2,f,f,5.2885
72,TommyNugget,Q8,t,t,5.0314
73,LisaMishkas,Q8,f,f,4.6835
74,LisaMishkas,Q7,f,f,3.3997
75,Nugget,Q2,f,f,4.1844
76,LisaNugget,Q2,f,f,2.9497
77,LisaMishkas,Q1,t,f,6.6592
78,Mishkas,Q5,t,t,3.9965
79,LisaNugget,Q1,t,t,3.356
80,LisaCoOp,Q6,f,f,2.788
81,TommyCoOp,Q5,t,t,3.8795
82,LisaDelta,Q9,f,t,6.3239
83,Delta,Q3,f,f,3.0929
84,Co-Op,Q4,t,f,7.7663
85,LisaMishkas,Q9,f,f,3.0646
86,TommyMishkas,Q10,f,f,3.79
87,Co-Op,Q5,f,f,3.2291
88,TommyCoOp,Q2,t,t,3.0595
89,TommyCoOp,Q4,f,f,2.2926
90,Nugget,Q5,f,f,2.6765
91,LisaMishkas,Q4,f,f,3.0525
92,LisaNugget,Q9,t,t,4.6219
93,LisaNugget,Q8,t,t,2.9959
94,TommyNugget,Q3,f,f,6.62
95,LisaCoOp,Q5,t,f,2.892
96,Delta,Q6,f,t,4.7285
97,TommyCoOp,Q3,f,t,2.6825
98,LisaCoOp,Q2,t,t,2.8669
99,Nugget,Q1,t,f,2.5111
100,LisaCoOp,Q4,f,f,3.3491
101,TommyNugget,Q7,f,f,3.0795
102,Mishkas,Q6,f,t,3.7429
103,Mishkas,Q2,t,t,2.2167
104,LisaCoOp,Q1,t,t,2.4973