Subject ID: 107,,,,,
Date: 2018-03-05,,,,,
Time: 13:53:54.938000,,,,,
,,,,,
Begining Recognition Session,,,,,
TrialNum,Scene,QNum,Correct,Keypress,RT
1,LisaNugget,Q1,t,f,6.2877
2,LisaCoOp,Q8,f,f,3.3379
3,LisaNugget,Q3,t,t,2.7376
4,LisaCoOp,Q9,f,f,3.2052
5,TommyDelta,Q8,f,f,8.2016
6,LisaNugget,Q5,f,f,3.4313
7,LisaCoOp,Q3,f,f,3.0972
8,LisaMishkas,Q5,t,f,3.4284
9,TommyDelta,Q3,t,f,3.0635
10,TommyMishkas,Q8,t,t,6.4562
11,LisaCoOp,Q2,t,t,6.4041
12,TommyDelta,Q10,t,t,7.9674
13,Mishkas,Q6,f,t,9.2948
14,LisaCoOp,Q4,f,f,7.0372
15,LisaDelta,Q2,t,t,6.0386
16,LisaNugget,Q7,f,f,13.711
17,Mishkas,Q3,f,f,4.8004
18,TommyCoOp,Q2,t,t,3.1337
19,Co-Op,Q4,t,t,3.7036
20,Delta,Q5,t,t,3.9693
21,TommyCoOp,Q10,f,f,6.362
22,Delta,Q2,t,t,7.1059
23,TommyMishkas,Q5,t,t,7.413
24,TommyNugget,Q7,f,t,4.3507
25,LisaDelta,Q7,t,f,6.0462
26,LisaMishkas,Q7,f,f,5.8159
27,TommyCoOp,Q6,t,t,2.2611
28,TommyDelta,Q7,t,t,2.6666
29,Nugget,Q2,f,f,12.364
30,TommyNugget,Q3,f,t,5.4599
31,TommyMishkas,Q4,f,f,2.2795
32,TommyNugget,Q4,t,t,4.1098
33,TommyCoOp,Q4,f,t,2.969
34,Mishkas,Q4,f,t,6.4404
35,LisaCoOp,Q6,f,f,3.0124
36,LisaNugget,Q8,t,f,6.6851
37,TommyNugget,Q9,f,f,6.237
38,Co-Op,Q2,f,f,8.5064
39,LisaDelta,Q5,t,t,8.8859
40,TommyMishkas,Q3,f,f,4.1074
41,LisaNugget,Q2,f,f,7.3915
42,LisaNugget,Q9,t,t,8.0818
43,LisaDelta,Q9,f,f,7.0919
44,TommyMishkas,Q1,t,t,6.2622
45,TommyDelta,Q6,f,f,7.1883
46,TommyDelta,Q9,f,f,4.1934
47,Delta,Q1,f,t,7.8948
48,TommyNugget,Q8,t,t,6.9564
49,TommyMishkas,Q9,f,f,3.0675
50,LisaDelta,Q4,f,f,2.8459
51,TommyCoOp,Q7,f,f,3.3454
52,Delta,Q4,t,t,7.9795
53,LisaDelta,Q1,f,t,3.4559
54,LisaCoOp,Q5,t,f,2.7391
55,TommyDelta,Q1,t,t,4.8782
56,Co-Op,Q6,t,t,7.5617
57,TommyMishkas,Q6,f,f,3.4246
58,LisaMishkas,Q1,t,t,3.1882
59,TommyDelta,Q5,t,t,2.7491
60,Co-Op,Q3,f,f,3.4993
61,LisaMishkas,Q4,f,f,5.5507
62,Nugget,Q3,t,f,5.6772
63,TommyDelta,Q2,f,f,3.7177
64,LisaCoOp,Q7,t,t,7.6708
65,TommyDelta,Q4,f,f,4.282
66,Nugget,Q4,f,f,6.8063
67,TommyMishkas,Q10,f,t,7.4337
68,TommyCoOp,Q9,t,f,2.7733
69,TommyNugget,Q1,t,f,4.6716
70,Nugget,Q5,f,f,4.5701
71,Delta,Q3,f,f,4.0378
72,LisaDelta,Q8,f,t,14.3512
73,Co-Op,Q5,f,f,15.9948
74,Delta,Q6,f,f,4.6574
75,TommyCoOp,Q1,f,f,2.1755
76,TommyNugget,Q2,t,t,3.8046
77,LisaMishkas,Q10,t,t,3.3338
78,LisaNugget,Q10,f,f,7.9828
79,LisaCoOp,Q10,t,t,7.0067
80,LisaNugget,Q4,f,f,4.2235
81,TommyNugget,Q10,t,t,3.9898
82,TommyCoOp,Q5,t,t,2.9421
83,LisaMishkas,Q3,t,t,7.3568
84,Mishkas,Q5,t,f,5.7182
85,TommyCoOp,Q8,t,t,7.447
86,TommyMishkas,Q2,t,t,2.051
87,TommyNugget,Q6,f,t,3.0205
88,Mishkas,Q2,t,f,5.3998
89,Nugget,Q6,t,f,6.2141
90,Mishkas,Q1,t,f,2.9066
91,LisaMishkas,Q2,f,f,2.2966
92,LisaDelta,Q6,f,f,4.3285
93,TommyMishkas,Q7,t,t,3.9596
94,LisaMishkas,Q6,t,t,6.1733
95,TommyNugget,Q5,f,f,3.2041
96,LisaDelta,Q10,t,t,5.4736
97,LisaCoOp,Q1,t,t,3.1723
98,LisaMishkas,Q8,f,f,5.025
99,LisaMishkas,Q9,f,t,3.6884
100,LisaDelta,Q3,t,t,3.6395
101,TommyCoOp,Q3,f,f,4.5214
102,LisaNugget,Q6,t,t,1.9912
103,Nugget,Q1,t,f,5.0714
104,Co-Op,Q1,t,t,5.0804