Subject ID: 108,,,,,
Date: 2018-03-06,,,,,
Time: 10:56:22.563000,,,,,
,,,,,
Begining Recognition Session,,,,,
TrialNum,Scene,QNum,Correct,Keypress,RT
1,Mishkas,Q4,f,f,4.5756
2,LisaMishkas,Q1,t,f,2.9959
3,TommyMishkas,Q3,f,f,3.4602
4,TommyCoOp,Q5,t,t,1.8807
5,Mishkas,Q1,t,f,2.7093
6,LisaMishkas,Q6,t,t,5.3902
7,TommyCoOp,Q6,t,t,1.8078
8,TommyDelta,Q9,f,t,3.6113
9,Co-Op,Q4,t,f,3.4256
10,TommyMishkas,Q6,f,f,7.4849
11,TommyMishkas,Q7,t,t,3.2554
12,LisaNugget,Q4,f,f,4.8053
13,Delta,Q1,f,f,5.3292
14,TommyNugget,Q6,f,f,3.7376
15,LisaDelta,Q2,t,t,3.2825
16,TommyMishkas,Q4,f,f,2.6421
17,TommyNugget,Q10,t,t,2.7779
18,LisaCoOp,Q1,t,f,1.9647
19,LisaCoOp,Q2,t,t,7.4829
20,Nugget,Q5,f,t,2.855
21,TommyMishkas,Q8,t,t,8.6914
22,LisaDelta,Q10,t,t,12.6914
23,TommyCoOp,Q1,f,f,2.7465
24,LisaCoOp,Q6,f,f,3.1182
25,LisaNugget,Q10,f,t,4.0713
26,LisaDelta,Q1,f,f,5.161
27,Nugget,Q1,t,f,2.8699
28,Nugget,Q3,t,t,4.0896
29,TommyCoOp,Q7,f,t,2.7405
30,LisaCoOp,Q5,t,t,2.1637
31,TommyDelta,Q5,t,t,2.0273
32,LisaNugget,Q2,f,f,3.9084
33,LisaNugget,Q9,t,f,3.8344
34,TommyDelta,Q2,f,t,0.4344
35,LisaCoOp,Q4,f,f,4.1445
36,LisaMishkas,Q8,f,f,5.8847
37,LisaNugget,Q5,f,f,2.5451
38,TommyCoOp,Q3,f,f,2.9249
39,TommyDelta,Q8,f,t,8.8307
40,TommyNugget,Q1,t,t,7.6239
41,Mishkas,Q2,t,f,5.4384
42,Mishkas,Q5,t,f,8.0818
43,Mishkas,Q6,f,f,5.9777
44,Delta,Q3,f,t,2.6255
45,LisaCoOp,Q8,f,f,8.6494
46,LisaCoOp,Q9,f,f,4.374
47,LisaMishkas,Q4,f,t,2.8579
48,Mishkas,Q3,f,f,5.0369
49,TommyNugget,Q4,t,t,3.0888
50,LisaMishkas,Q9,f,t,3.1203
51,TommyMishkas,Q5,t,t,4.3972
52,LisaMishkas,Q5,t,f,2.34
53,LisaDelta,Q4,f,f,4.3996
54,TommyMishkas,Q2,t,t,2.7143
55,LisaDelta,Q9,f,f,3.0585
56,LisaMishkas,Q10,t,t,1.9806
57,TommyMishkas,Q1,t,f,10.3
58,TommyDelta,Q1,t,f,3.0138
59,Co-Op,Q6,t,f,9.6053
60,TommyCoOp,Q9,t,f,2.9124
61,TommyCoOp,Q2,t,t,2.7827
62,TommyNugget,Q5,f,f,1.4001
63,LisaDelta,Q5,t,f,7.2995
64,LisaCoOp,Q10,t,t,5.7291
65,Co-Op,Q5,f,f,4.6843
66,TommyNugget,Q7,f,t,5.1237
67,LisaMishkas,Q3,t,f,2.0234
68,Co-Op,Q3,f,f,7.0249
69,LisaCoOp,Q7,t,t,7.4005
70,Co-Op,Q2,f,f,3.105
71,TommyDelta,Q3,t,t,4.9801
72,TommyCoOp,Q4,f,f,1.9562
73,TommyDelta,Q7,t,t,4.5942
74,Delta,Q2,t,t,3.2569
75,Nugget,Q4,f,f,5.5907
76,LisaNugget,Q8,t,t,4.4064
77,LisaNugget,Q7,f,f,4.3507
78,TommyDelta,Q10,t,t,7.2801
79,TommyCoOp,Q8,t,t,2.247
80,LisaDelta,Q7,t,t,4.0361
81,Nugget,Q2,f,f,4.9806
82,Co-Op,Q1,t,t,3.2287
83,TommyNugget,Q8,t,t,8.1067
84,Delta,Q6,f,f,7.3339
85,TommyDelta,Q6,f,f,3.9125
86,LisaDelta,Q8,f,t,11.1544
87,LisaNugget,Q3,t,t,4.3562
88,TommyMishkas,Q9,f,f,6.1817
89,TommyNugget,Q9,f,f,3.548
90,LisaMishkas,Q2,f,f,2.6479
91,TommyMishkas,Q10,f,f,3.793
92,TommyCoOp,Q10,f,f,3.3081
93,LisaNugget,Q6,t,t,3.5419
94,Nugget,Q6,t,f,9.8866
95,LisaNugget,Q1,t,t,6.0108
96,Delta,Q5,t,t,7.2515
97,Delta,Q4,t,f,7.4953
98,LisaDelta,Q6,f,t,6.6609
99,TommyNugget,Q2,t,t,6.8215
100,LisaMishkas,Q7,f,f,4.3921
101,LisaDelta,Q3,t,t,2.4331
102,TommyNugget,Q3,f,t,6.3004
103,TommyDelta,Q4,f,f,4.3185
104,LisaCoOp,Q3,f,t,1.8588