Subject ID: 109,,,,,
Date: 2018-03-06,,,,,
Time: 13:07:53.254000,,,,,
,,,,,
Begining Recognition Session,,,,,
TrialNum,Scene,QNum,Correct,Keypress,RT
1,TommyDelta,Q5,t,t,3.4716
2,TommyCoOp,Q6,t,t,1.831
3,TommyCoOp,Q8,t,t,2.1809
4,Mishkas,Q2,t,f,7.4124
5,TommyDelta,Q7,t,t,3.1622
6,LisaNugget,Q1,t,t,6.6388
7,Delta,Q6,f,t,4.4141
8,Delta,Q3,f,f,2.8804
9,TommyMishkas,Q1,t,t,5.6217
10,LisaMishkas,Q6,t,t,6.4274
11,TommyMishkas,Q6,f,f,3.5508
12,LisaDelta,Q6,f,f,4.9239
13,TommyCoOp,Q10,f,f,3.9693
14,LisaCoOp,Q2,t,t,5.4328
15,Mishkas,Q5,t,f,6.1945
16,TommyDelta,Q9,f,f,12.4548
17,TommyNugget,Q4,t,t,2.8568
18,LisaNugget,Q5,f,f,3.2136
19,TommyNugget,Q3,f,f,3.3235
20,TommyCoOp,Q3,f,f,3.4755
21,TommyMishkas,Q8,t,t,4.3732
22,LisaDelta,Q2,t,t,2.6869
23,TommyNugget,Q10,t,t,7.5989
24,Co-Op,Q1,t,f,7.6693
25,LisaDelta,Q4,f,f,7.1323
26,LisaDelta,Q7,t,t,3.8085
27,Mishkas,Q1,t,t,3.8678
28,TommyMishkas,Q2,t,t,2.4881
29,LisaNugget,Q8,t,t,2.1153
30,TommyNugget,Q2,t,t,2.6473
31,TommyDelta,Q3,t,f,2.7372
32,TommyCoOp,Q1,f,t,7.0005
33,TommyNugget,Q8,t,t,3.7845
34,Nugget,Q3,t,f,3.5157
35,LisaDelta,Q10,t,t,4.1532
36,Co-Op,Q5,f,f,10.1388
37,Delta,Q4,t,t,3.5098
38,TommyDelta,Q8,f,f,4.2359
39,LisaMishkas,Q3,t,t,2.9646
40,Nugget,Q5,f,t,2.7206
41,TommyCoOp,Q5,t,t,3.0453
42,TommyMishkas,Q9,f,f,3.2825
43,Co-Op,Q2,f,f,6.6392
44,TommyNugget,Q9,f,f,7.2219
45,TommyMishkas,Q10,f,f,7.3174
46,TommyCoOp,Q9,t,t,3.9247
47,LisaDelta,Q8,f,f,6.3225
48,TommyCoOp,Q7,f,f,2.9465
49,LisaDelta,Q5,t,t,4.2016
50,Nugget,Q2,f,f,5.7317
51,LisaCoOp,Q3,f,t,4.4713
52,Co-Op,Q3,f,f,3.4474
53,Delta,Q2,t,t,4.1996
54,LisaMishkas,Q4,f,f,2.1704
55,TommyDelta,Q6,f,f,2.5905
56,LisaCoOp,Q1,t,t,1.9485
57,TommyDelta,Q2,f,f,1.7297
58,LisaMishkas,Q10,t,t,1.7723
59,Delta,Q5,t,t,2.2649
60,Co-Op,Q6,t,t,7.8691
61,TommyNugget,Q5,f,f,4.1623
62,LisaCoOp,Q7,t,t,7.878
63,TommyMishkas,Q4,f,f,2.1632
64,TommyCoOp,Q4,f,f,2.0719
65,LisaCoOp,Q6,f,f,1.8103
66,LisaNugget,Q10,f,f,7.7499
67,LisaNugget,Q4,f,f,3.5753
68,LisaNugget,Q3,t,t,1.8672
69,TommyDelta,Q4,f,f,4.1383
70,LisaCoOp,Q9,f,f,1.9344
71,LisaNugget,Q7,f,f,5.253
72,TommyMishkas,Q3,f,f,2.9545
73,Delta,Q1,f,f,5.2735
74,TommyMishkas,Q7,t,f,4.0315
75,TommyNugget,Q6,f,f,1.8322
76,Nugget,Q1,t,f,5.1405
77,Nugget,Q4,f,f,3.1365
78,LisaCoOp,Q10,t,f,3.5795
79,LisaCoOp,Q5,t,t,2.0171
80,LisaNugget,Q2,f,f,3.6343
81,LisaNugget,Q6,t,t,1.8707
82,Co-Op,Q4,t,f,5.9428
83,LisaMishkas,Q9,f,t,6.5016
84,TommyDelta,Q1,t,t,6.1765
85,LisaMishkas,Q7,f,f,4.7978
86,LisaDelta,Q1,f,f,2.927
87,LisaMishkas,Q1,t,t,3.8868
88,Nugget,Q6,t,f,8.5995
89,TommyCoOp,Q2,t,t,2.9302
90,Mishkas,Q4,f,t,6.8807
91,TommyMishkas,Q5,t,f,7.1632
92,LisaCoOp,Q4,f,f,6.3541
93,LisaMishkas,Q5,t,f,3.1333
94,LisaMishkas,Q2,f,f,3.8047
95,LisaCoOp,Q8,f,t,3.8682
96,LisaNugget,Q9,t,t,3.9159
97,TommyNugget,Q1,t,f,4.9854
98,Mishkas,Q6,f,t,4.5388
99,TommyDelta,Q10,t,t,2.9837
100,Mishkas,Q3,f,f,2.9987
101,LisaDelta,Q3,t,t,2.5991
102,LisaMishkas,Q8,f,t,3.8018
103,TommyNugget,Q7,f,t,4.6658
104,LisaDelta,Q9,f,f,4.8007