Subject ID: 110
Date: 2018-03-06
Time: 12:58:34.032000

Begining Recognition Session
TrialNum,Scene,QNum,Correct,Keypress,RT
1,LisaNugget,Q3,t,t,3.1598
2,Mishkas,Q4,f,f,14.3856
3,TommyNugget,Q10,t,t,3.0982
4,TommyDelta,Q9,f,f,4.3085
5,TommyDelta,Q2,f,f,5.6372
6,TommyDelta,Q5,t,t,13.6404
7,Delta,Q6,f,t,33.4904
8,Co-Op,Q2,f,f,8.0745
9,Co-Op,Q3,f,t,4.8373
10,Nugget,Q2,f,f,3.6094
11,TommyDelta,Q10,t,t,6.4645
12,LisaDelta,Q7,t,f,4.9880
13,LisaMishkas,Q1,t,t,4.5561
14,LisaMishkas,Q2,f,f,3.8815
15,LisaNugget,Q6,t,t,5.0269
16,Mishkas,Q5,t,t,9.1598
17,TommyDelta,Q8,f,f,3.4036
18,Nugget,Q6,t,t,8.6863
19,TommyNugget,Q1,t,f,7.0549
20,LisaDelta,Q4,f,f,3.0806
21,TommyCoOp,Q1,f,t,5.4988
22,Nugget,Q1,t,t,6.4705
23,TommyMishkas,Q9,f,f,5.6148
24,TommyCoOp,Q7,f,t,2.8852
25,LisaDelta,Q2,t,t,2.4987
26,TommyCoOp,Q6,t,t,1.9759
27,TommyNugget,Q9,f,f,6.3518
28,LisaDelta,Q1,f,t,4.9849
29,TommyCoOp,Q3,f,f,6.2728
30,LisaMishkas,Q3,t,f,3.3903
31,TommyCoOp,Q10,f,f,4.7366
32,LisaNugget,Q7,f,f,3.3638
33,TommyMishkas,Q1,t,t,21.3906
34,LisaNugget,Q5,f,f,3.7555
35,LisaCoOp,Q7,t,t,38.1623
36,LisaNugget,Q10,f,f,13.0969
37,LisaNugget,Q8,t,t,2.2757
38,TommyNugget,Q6,f,f,2.3553
39,LisaDelta,Q3,t,t,2.7532
40,LisaCoOp,Q10,t,t,17.2193
41,TommyDelta,Q3,t,f,3.5113
42,LisaNugget,Q2,f,t,11.4365
43,TommyCoOp,Q9,t,t,4.6479
44,LisaCoOp,Q8,f,f,6.1796
45,TommyDelta,Q6,f,f,3.3205
46,TommyCoOp,Q8,t,t,8.2392
47,TommyMishkas,Q3,f,f,2.8456
48,TommyMishkas,Q7,t,t,8.0422
49,LisaDelta,Q5,t,t,8.1877
50,Delta,Q2,t,t,3.6968
51,TommyMishkas,Q6,f,f,3.9936
52,TommyMishkas,Q4,f,f,12.2177
53,LisaDelta,Q10,t,t,13.1117
54,LisaCoOp,Q6,f,f,3.4303
55,LisaMishkas,Q4,f,t,4.9211
56,Nugget,Q4,f,f,7.8121
57,TommyMishkas,Q5,t,t,3.8119
58,Mishkas,Q6,f,f,5.6992
59,Co-Op,Q6,t,f,12.0640
60,TommyNugget,Q3,f,t,9.2494
61,Nugget,Q5,f,t,3.0006
62,LisaMishkas,Q5,t,f,9.5603
63,LisaMishkas,Q6,t,t,3.5092
64,LisaCoOp,Q4,f,t,6.2827
65,TommyNugget,Q7,f,t,3.3767
66,Mishkas,Q3,f,t,4.6156
67,LisaNugget,Q4,f,f,4.7139
68,TommyNugget,Q4,t,t,3.4580
69,LisaMishkas,Q8,f,f,4.7831
70,TommyDelta,Q1,t,t,4.3937
71,Mishkas,Q2,t,t,2.9089
72,LisaMishkas,Q10,t,t,2.9138
73,Co-Op,Q4,t,t,5.0561
74,Mishkas,Q1,t,t,3.2824
75,LisaDelta,Q9,f,t,6.9379
76,Nugget,Q3,t,f,6.9602
77,TommyMishkas,Q2,t,t,3.4470
78,TommyMishkas,Q8,t,t,5.9296
79,LisaCoOp,Q3,f,f,2.7206
80,LisaNugget,Q1,t,t,12.6926
81,Co-Op,Q5,f,f,3.0354
82,LisaCoOp,Q5,t,t,10.0769
83,TommyCoOp,Q5,t,f,3.0390
84,TommyNugget,Q2,t,t,4.6242
85,LisaMishkas,Q7,f,f,3.2957
86,Delta,Q5,t,t,6.0956
87,LisaCoOp,Q1,t,t,10.5938
88,Co-Op,Q1,t,f,5.7519
89,Delta,Q1,f,t,5.2900
90,TommyMishkas,Q10,f,t,6.4413
91,TommyNugget,Q8,t,t,11.8188
92,LisaNugget,Q9,t,f,5.4961
93,TommyCoOp,Q2,t,f,5.5590
94,LisaCoOp,Q2,t,t,5.5573
95,TommyDelta,Q7,t,f,6.7067
96,TommyDelta,Q4,f,f,5.8538
97,LisaDelta,Q8,f,t,4.8795
98,Delta,Q3,f,f,3.1135
99,TommyNugget,Q5,f,t,3.5950
100,LisaDelta,Q6,f,f,4.2509
101,LisaMishkas,Q9,f,f,4.6166
102,LisaCoOp,Q9,f,f,2.4640
103,TommyCoOp,Q4,f,f,3.0912
104,Delta,Q4,t,t,10.2456
