Subject ID: 111
Date: 2018-03-06
Time: 14:46:14.101000

Begining Recognition Session
TrialNum,Scene,QNum,Correct,Keypress,RT
1,TommyDelta,Q1,t,t,4.1836
2,Co-Op,Q1,t,t,4.8829
3,Nugget,Q3,t,f,4.0806
4,TommyCoOp,Q3,f,f,5.9628
5,LisaDelta,Q2,t,t,5.0726
6,Mishkas,Q1,t,f,11.7226
7,Delta,Q6,f,f,2.3009
8,Mishkas,Q6,f,f,8.0034
9,TommyNugget,Q7,f,t,4.7153
10,LisaMishkas,Q8,f,f,3.7965
11,LisaCoOp,Q4,f,f,6.2302
12,LisaDelta,Q6,f,f,4.7410
13,LisaNugget,Q1,t,t,5.4635
14,TommyMishkas,Q9,f,f,5.4183
15,LisaNugget,Q5,f,f,20.5226
16,Nugget,Q4,f,f,15.3189
17,TommyCoOp,Q10,f,f,2.2551
18,TommyNugget,Q10,t,f,5.2731
19,TommyNugget,Q5,f,t,2.9072
20,TommyNugget,Q4,t,t,5.7051
21,LisaMishkas,Q9,f,f,5.2084
22,Mishkas,Q5,t,f,6.8146
23,LisaCoOp,Q5,t,f,3.7070
24,Delta,Q3,f,f,2.3643
25,LisaCoOp,Q9,f,f,9.7162
26,TommyNugget,Q2,t,t,9.4141
27,LisaDelta,Q1,f,f,2.1512
28,TommyNugget,Q6,f,f,4.8354
29,LisaMishkas,Q4,f,t,3.1108
30,TommyDelta,Q7,t,t,3.6820
31,TommyCoOp,Q7,f,f,2.1771
32,TommyNugget,Q3,f,f,9.1174
33,TommyNugget,Q1,t,f,5.0242
34,LisaCoOp,Q7,t,t,4.4734
35,LisaMishkas,Q7,f,f,4.9294
36,LisaDelta,Q10,t,t,8.1463
37,LisaNugget,Q10,f,t,6.3038
38,Nugget,Q1,t,f,3.6944
39,TommyMishkas,Q1,t,t,8.5738
40,Nugget,Q2,f,f,4.7652
41,LisaMishkas,Q3,t,t,4.3586
42,LisaNugget,Q2,f,f,8.0716
43,TommyDelta,Q8,f,f,6.8655
44,Nugget,Q5,f,t,3.5658
45,TommyMishkas,Q6,f,f,5.2034
46,Co-Op,Q6,t,t,12.1987
47,LisaNugget,Q8,t,t,5.4687
48,Co-Op,Q2,f,f,6.0684
49,Co-Op,Q5,f,t,5.3692
50,Mishkas,Q4,f,f,4.2342
51,LisaDelta,Q9,f,f,4.8870
52,LisaMishkas,Q6,t,f,12.0071
53,Delta,Q5,t,t,3.6557
54,Delta,Q1,f,f,7.8637
55,TommyNugget,Q8,t,t,4.7092
56,TommyDelta,Q5,t,t,4.7656
57,LisaMishkas,Q2,f,f,3.4560
58,TommyDelta,Q9,f,t,2.6275
59,TommyCoOp,Q5,t,t,10.8337
60,Nugget,Q6,t,f,7.8056
61,TommyMishkas,Q5,t,t,7.2972
62,LisaNugget,Q3,t,t,8.3761
63,TommyCoOp,Q4,f,f,4.8985
64,TommyMishkas,Q7,t,t,5.2233
65,LisaCoOp,Q2,t,f,26.3748
66,TommyMishkas,Q4,f,f,1.7803
67,TommyCoOp,Q8,t,t,5.3739
68,LisaDelta,Q5,t,t,3.5680
69,TommyDelta,Q6,f,f,2.8296
70,LisaCoOp,Q3,f,f,3.3045
71,Delta,Q4,t,t,4.2085
72,Co-Op,Q3,f,f,5.5163
73,Mishkas,Q2,t,t,1.7855
74,LisaCoOp,Q1,t,t,3.6682
75,LisaCoOp,Q8,f,f,7.4529
76,TommyMishkas,Q10,f,f,7.7672
77,TommyCoOp,Q1,f,f,3.7466
78,TommyCoOp,Q2,t,t,2.5470
79,LisaCoOp,Q10,t,f,5.9855
80,TommyMishkas,Q8,t,t,6.6724
81,LisaMishkas,Q1,t,t,8.6808
82,LisaNugget,Q7,f,f,10.2570
83,LisaDelta,Q8,f,f,2.9273
84,TommyCoOp,Q6,t,t,2.6541
85,LisaNugget,Q9,t,t,3.6936
86,TommyDelta,Q10,t,t,1.9415
87,Mishkas,Q3,f,f,2.7006
88,TommyNugget,Q9,f,f,5.2548
89,LisaCoOp,Q6,f,f,2.9471
90,LisaDelta,Q3,t,t,2.4980
91,LisaMishkas,Q5,t,f,4.5990
92,TommyDelta,Q4,f,f,5.3329
93,LisaDelta,Q4,f,f,7.5014
94,TommyDelta,Q2,f,f,2.3689
95,LisaNugget,Q6,t,t,3.1227
96,TommyCoOp,Q9,t,f,1.9821
97,Co-Op,Q4,t,f,4.4289
98,TommyMishkas,Q2,t,t,6.2307
99,Delta,Q2,t,t,2.2443
100,LisaNugget,Q4,f,f,3.3797
101,LisaDelta,Q7,t,t,4.9153
102,TommyDelta,Q3,t,t,4.5981
103,LisaMishkas,Q10,t,t,4.9042
104,TommyMishkas,Q3,f,t,3.0628
