Subject ID: 112
Date: 2018-03-06
Time: 16:42:36.962000

Begining Recognition Session
TrialNum,Scene,QNum,Correct,Keypress,RT
1,Mishkas,Q1,t,f,8.8713
2,TommyCoOp,Q6,t,t,4.9467
3,Co-Op,Q5,f,t,13.9610
4,TommyCoOp,Q8,t,t,5.8478
5,Nugget,Q3,t,f,12.1779
6,LisaDelta,Q9,f,f,9.5832
7,TommyNugget,Q7,f,t,6.2140
8,Co-Op,Q2,f,f,10.3265
9,TommyDelta,Q9,f,t,14.4109
10,TommyCoOp,Q1,f,f,4.8277
11,TommyMishkas,Q6,f,t,4.4147
12,TommyDelta,Q7,t,t,5.8240
13,LisaCoOp,Q7,t,f,16.0447
14,TommyNugget,Q10,t,t,4.4534
15,LisaMishkas,Q3,t,t,7.6554
16,LisaNugget,Q4,f,f,6.2219
17,Nugget,Q2,f,f,8.6496
18,LisaMishkas,Q2,f,t,6.4478
19,TommyCoOp,Q3,f,f,13.3280
20,TommyMishkas,Q10,f,f,7.6368
21,TommyNugget,Q2,t,t,14.8673
22,LisaDelta,Q4,f,t,10.1115
23,Delta,Q2,t,f,11.2334
24,TommyNugget,Q9,f,f,8.3191
25,LisaNugget,Q10,f,t,4.0858
26,TommyCoOp,Q5,t,f,5.2889
27,Co-Op,Q4,t,f,7.9121
28,LisaCoOp,Q1,t,f,4.1737
29,TommyDelta,Q5,t,t,4.9864
30,LisaMishkas,Q4,f,f,10.6248
31,LisaMishkas,Q5,t,f,5.1912
32,LisaCoOp,Q9,f,f,4.5405
33,TommyMishkas,Q4,f,f,2.6973
34,Delta,Q1,f,f,5.8271
35,LisaMishkas,Q8,f,t,7.9261
36,LisaDelta,Q5,t,t,5.8290
37,LisaCoOp,Q4,f,t,9.6077
38,TommyMishkas,Q1,t,f,26.9556
39,TommyDelta,Q10,t,t,4.8953
40,Mishkas,Q5,t,t,6.6973
41,LisaMishkas,Q9,f,f,16.1051
42,LisaCoOp,Q6,f,f,6.1715
43,LisaCoOp,Q10,t,t,8.6073
44,LisaDelta,Q1,f,f,4.2618
45,TommyCoOp,Q10,f,f,3.5086
46,TommyMishkas,Q2,t,t,5.4478
47,TommyDelta,Q1,t,t,5.7556
48,Delta,Q3,f,f,6.9566
49,TommyMishkas,Q9,f,f,5.5321
50,LisaNugget,Q7,f,f,10.6634
51,LisaNugget,Q2,f,f,15.3602
52,LisaNugget,Q9,t,t,6.6189
53,LisaMishkas,Q10,t,t,4.3517
54,TommyMishkas,Q7,t,t,9.6167
55,LisaDelta,Q10,t,t,6.1692
56,TommyDelta,Q8,f,t,17.4712
57,LisaDelta,Q3,t,t,6.1429
58,LisaCoOp,Q2,t,t,4.7389
59,TommyCoOp,Q7,f,f,8.5317
60,LisaDelta,Q8,f,t,5.3849
61,TommyCoOp,Q9,t,f,4.2335
62,LisaCoOp,Q5,t,f,3.0150
63,TommyNugget,Q1,t,f,7.2954
64,LisaNugget,Q1,t,t,7.1827
65,TommyNugget,Q6,f,f,6.2692
66,TommyNugget,Q4,t,t,4.0163
67,LisaNugget,Q5,f,t,3.7458
68,Co-Op,Q6,t,f,9.1708
69,LisaNugget,Q3,t,t,15.9101
70,Co-Op,Q1,t,t,7.1477
71,Mishkas,Q3,f,f,7.5996
72,TommyDelta,Q4,f,f,6.1220
73,Delta,Q6,f,f,4.6233
74,LisaCoOp,Q8,f,t,7.8879
75,Nugget,Q1,t,t,5.5885
76,TommyNugget,Q8,t,t,12.1937
77,LisaDelta,Q2,t,f,7.1821
78,LisaMishkas,Q6,t,t,6.5616
79,TommyDelta,Q3,t,t,21.1103
80,LisaMishkas,Q7,f,f,6.2177
81,LisaCoOp,Q3,f,f,3.2691
82,TommyMishkas,Q8,t,t,6.4305
83,TommyNugget,Q3,f,f,5.6551
84,TommyNugget,Q5,f,f,4.8229
85,Nugget,Q6,t,f,5.8838
86,TommyMishkas,Q5,t,t,3.1203
87,LisaNugget,Q6,t,t,5.9239
88,TommyDelta,Q2,f,f,2.2893
89,LisaMishkas,Q1,t,f,6.3664
90,LisaDelta,Q7,t,f,6.2899
91,Nugget,Q5,f,t,4.3199
92,TommyCoOp,Q4,f,f,5.0441
93,LisaDelta,Q6,f,f,10.1835
94,Mishkas,Q4,f,f,10.0348
95,Co-Op,Q3,f,f,6.3724
96,Delta,Q4,t,t,5.1497
97,TommyDelta,Q6,f,t,20.4543
98,Nugget,Q4,f,f,8.1058
99,Delta,Q5,t,f,8.9409
100,TommyCoOp,Q2,t,f,12.0346
101,Mishkas,Q6,f,t,6.1148
102,LisaNugget,Q8,t,t,9.3738
103,Mishkas,Q2,t,f,6.6215
104,TommyMishkas,Q3,f,f,6.3011
