Subject ID: 113
Date: 2018-03-06
Time: 16:47:22.317000

Begining Recognition Session
TrialNum,Scene,QNum,Correct,Keypress,RT
1,Delta,Q4,t,t,10.5357
2,TommyNugget,Q4,t,t,4.3152
3,Mishkas,Q2,t,t,7.6660
4,LisaDelta,Q2,t,t,4.7475
5,LisaMishkas,Q8,f,f,15.4924
6,Mishkas,Q6,f,t,9.3429
7,LisaCoOp,Q2,t,t,5.6166
8,LisaDelta,Q8,f,t,9.4392
9,TommyMishkas,Q8,t,f,12.5070
10,TommyCoOp,Q2,t,t,3.3830
11,TommyDelta,Q4,f,f,3.1686
12,LisaCoOp,Q9,f,f,2.8043
13,TommyMishkas,Q9,f,f,3.4324
14,LisaMishkas,Q1,t,t,6.6391
15,TommyDelta,Q7,t,t,2.8023
16,TommyNugget,Q3,f,f,4.3734
17,Nugget,Q3,t,f,2.6397
18,LisaCoOp,Q1,t,t,3.6225
19,LisaNugget,Q1,t,t,4.8212
20,TommyDelta,Q1,t,t,3.7190
21,Nugget,Q1,t,f,4.7883
22,Delta,Q3,f,f,10.3655
23,Co-Op,Q3,f,f,5.4405
24,Mishkas,Q5,t,t,3.3706
25,LisaDelta,Q7,t,f,4.9323
26,Delta,Q6,f,f,14.3612
27,TommyDelta,Q9,f,t,6.9143
28,Delta,Q1,f,t,12.7959
29,TommyNugget,Q10,t,t,2.8845
30,Co-Op,Q6,t,t,58.8490
31,TommyDelta,Q8,f,f,17.1010
32,LisaNugget,Q4,f,t,7.0644
33,LisaMishkas,Q6,t,t,14.5055
34,LisaNugget,Q9,t,t,7.0942
35,TommyCoOp,Q5,t,t,2.6640
36,TommyMishkas,Q6,f,f,3.4799
37,Co-Op,Q2,f,f,3.2447
38,TommyNugget,Q7,f,t,3.6894
39,TommyCoOp,Q6,t,t,2.6038
40,Nugget,Q5,f,f,4.9376
41,Nugget,Q4,f,f,5.7680
42,Mishkas,Q3,f,f,6.3559
43,TommyMishkas,Q2,t,t,4.7878
44,Mishkas,Q1,t,f,2.8709
45,LisaDelta,Q3,t,t,2.1975
46,Co-Op,Q4,t,t,2.8170
47,LisaDelta,Q5,t,t,3.3374
48,TommyCoOp,Q9,t,t,5.9656
49,LisaNugget,Q3,t,t,2.6926
50,LisaNugget,Q2,f,f,5.3973
51,TommyNugget,Q8,t,t,5.6076
52,TommyCoOp,Q4,f,f,2.5424
53,TommyMishkas,Q5,t,t,3.0799
54,LisaCoOp,Q4,f,f,6.8957
55,TommyMishkas,Q4,f,f,2.0659
56,Nugget,Q2,f,f,2.8148
57,TommyDelta,Q5,t,f,3.1147
58,TommyNugget,Q5,f,f,4.3009
59,TommyMishkas,Q10,f,f,4.7192
60,LisaCoOp,Q7,t,t,9.6374
61,TommyMishkas,Q3,f,f,2.6212
62,LisaMishkas,Q2,f,f,3.3872
63,LisaCoOp,Q8,f,f,13.5013
64,TommyDelta,Q6,f,f,3.2325
65,TommyDelta,Q2,f,t,12.4790
66,LisaMishkas,Q10,t,t,2.3555
67,LisaMishkas,Q7,f,f,4.6350
68,LisaNugget,Q6,t,t,3.4753
69,LisaNugget,Q5,f,f,2.7984
70,LisaDelta,Q9,f,f,3.6530
71,TommyCoOp,Q10,f,t,6.5542
72,Co-Op,Q1,t,t,2.7754
73,LisaMishkas,Q4,f,f,3.0058
74,LisaMishkas,Q9,f,t,6.2184
75,TommyDelta,Q10,t,t,5.4324
76,LisaCoOp,Q5,t,t,8.2684
77,TommyNugget,Q6,f,f,3.3974
78,Delta,Q2,t,t,4.4676
79,Nugget,Q6,t,t,2.7040
80,TommyCoOp,Q3,f,f,4.7208
81,TommyDelta,Q3,t,t,3.5703
82,TommyMishkas,Q1,t,f,9.2760
83,LisaNugget,Q8,t,t,6.6864
84,LisaMishkas,Q5,t,f,2.4244
85,LisaCoOp,Q10,t,t,6.5623
86,LisaDelta,Q4,f,f,3.1958
87,Co-Op,Q5,f,f,8.9800
88,TommyCoOp,Q8,t,t,4.3480
89,TommyNugget,Q2,t,t,14.0530
90,LisaCoOp,Q3,f,f,4.1181
91,LisaNugget,Q7,f,f,4.0017
92,TommyCoOp,Q7,f,f,1.8820
93,LisaDelta,Q6,f,t,2.4231
94,TommyMishkas,Q7,t,t,9.1844
95,LisaMishkas,Q3,t,f,2.7819
96,Mishkas,Q4,f,f,12.6485
97,LisaCoOp,Q6,f,f,5.0490
98,TommyCoOp,Q1,f,f,3.2512
99,TommyNugget,Q1,t,f,4.1763
100,TommyNugget,Q9,f,f,2.0535
101,LisaDelta,Q1,f,f,3.0310
102,Delta,Q5,t,t,12.8640
103,LisaNugget,Q10,f,t,6.6131
104,LisaDelta,Q10,t,t,7.6770
