Subject ID: 113,,,,,
Date: 2018-03-09,,,,,
Time: 15:56:58.675000,,,,,
,,,,,
Begining Recognition Session,,,,,
TrialNum,Scene,QNum,Correct,Keypress,RT
1,TommyDelta,Q1,t,t,8.7593
2,Mishkas,Q5,t,f,9.9519
3,Delta,Q2,t,t,5.2627
4,LisaNugget,Q1,t,t,11.384
5,LisaNugget,Q9,t,t,10.3804
6,LisaCoOp,Q6,f,f,3.0441
7,Nugget,Q5,f,t,4.5512
8,LisaDelta,Q4,f,f,2.8316
9,TommyCoOp,Q8,t,f,19.946
10,TommyMishkas,Q2,t,t,3.3446
11,TommyMishkas,Q7,t,t,6.5334
12,Nugget,Q3,t,f,19.6348
13,TommyMishkas,Q4,f,t,5.3559
14,TommyCoOp,Q3,f,f,3.5752
15,LisaNugget,Q3,t,t,3.8315
16,Co-Op,Q3,f,f,4.1657
17,TommyCoOp,Q10,f,f,7.5619
18,TommyNugget,Q6,f,f,2.244
19,Nugget,Q1,t,f,6.1219
20,LisaNugget,Q5,f,t,20.7193
21,Co-Op,Q2,f,f,4.6084
22,Delta,Q4,t,f,5.2689
23,TommyNugget,Q5,f,f,7.1297
24,LisaDelta,Q5,t,t,5.2882
25,LisaNugget,Q6,t,f,2.9598
26,Mishkas,Q2,t,t,10.6594
27,Mishkas,Q3,f,f,3.4106
28,LisaDelta,Q8,f,f,6.6566
29,Co-Op,Q5,f,t,11.1321
30,LisaCoOp,Q8,f,f,4.6503
31,LisaMishkas,Q8,f,f,8.7979
32,LisaCoOp,Q9,f,f,2.976
33,LisaCoOp,Q7,t,f,10.7628
34,Delta,Q5,t,t,10.5782
35,LisaDelta,Q2,t,t,3.8145
36,TommyNugget,Q9,f,f,3.5414
37,LisaCoOp,Q3,f,f,7.8172
38,TommyDelta,Q9,f,t,19.1691
39,LisaNugget,Q8,t,f,3.1309
40,TommyMishkas,Q8,t,t,14.8761
41,TommyDelta,Q10,t,t,5.5742
42,TommyDelta,Q5,t,t,5.4066
43,LisaCoOp,Q5,t,t,4.6618
44,LisaNugget,Q10,f,t,3.8529
45,Delta,Q3,f,f,3.1937
46,Co-Op,Q1,t,f,5.6228
47,LisaDelta,Q6,f,f,18.759
48,TommyMishkas,Q10,f,t,7.7533
49,Nugget,Q2,f,f,6.009
50,LisaDelta,Q10,t,t,8.5614
51,TommyDelta,Q3,t,t,4.2888
52,LisaCoOp,Q2,t,t,16.6601
53,LisaMishkas,Q9,f,f,9.2473
54,TommyCoOp,Q1,f,f,2.4373
55,LisaMishkas,Q7,f,f,3.959
56,LisaNugget,Q2,f,f,6.001
57,LisaMishkas,Q4,f,f,4.6573
58,LisaMishkas,Q6,t,f,5.132
59,LisaDelta,Q1,f,t,4.0728
60,LisaMishkas,Q3,t,t,3.5575
61,TommyDelta,Q8,f,f,9.659
62,LisaCoOp,Q4,f,f,10.1378
63,TommyCoOp,Q7,f,f,3.9093
64,LisaDelta,Q7,t,f,3.6514
65,TommyMishkas,Q5,t,f,17.7218
66,TommyCoOp,Q2,t,t,5.5675
67,LisaNugget,Q7,f,f,8.8007
68,Co-Op,Q4,t,t,9.8326
69,TommyMishkas,Q6,f,f,4.4551
70,Nugget,Q6,t,f,6.059
71,TommyNugget,Q2,t,t,2.6839
72,TommyNugget,Q7,f,t,9.1374
73,TommyNugget,Q8,t,t,3.4637
74,LisaCoOp,Q10,t,t,9.6257
75,TommyNugget,Q1,t,f,7.6228
76,Delta,Q1,f,f,2.4531
77,TommyMishkas,Q1,t,t,10.8399
78,LisaMishkas,Q5,t,f,2.7882
79,LisaMishkas,Q1,t,t,2.4334
80,LisaDelta,Q3,t,t,2.28
81,TommyCoOp,Q5,t,t,2.4511
82,TommyNugget,Q10,t,t,4.2543
83,LisaDelta,Q9,f,t,6.0557
84,Mishkas,Q6,f,f,4.3856
85,TommyDelta,Q2,f,f,2.8117
86,TommyMishkas,Q3,f,f,4.1537
87,TommyDelta,Q4,f,f,5.7526
88,TommyMishkas,Q9,f,f,3.8025
89,Co-Op,Q6,t,f,6.2484
90,LisaMishkas,Q10,t,t,3.1172
91,TommyDelta,Q6,f,f,7.5318
92,TommyCoOp,Q9,t,f,3.7561
93,Mishkas,Q1,t,f,7.0108
94,LisaMishkas,Q2,f,f,3.1121
95,TommyDelta,Q7,t,t,2.5617
96,Nugget,Q4,f,t,4.3758
97,TommyCoOp,Q6,t,t,3.1381
98,TommyNugget,Q3,f,f,7.7073
99,Delta,Q6,f,t,2.373
100,LisaCoOp,Q1,t,t,3.2412
101,TommyNugget,Q4,t,t,3.4766
102,LisaNugget,Q4,f,f,3.6389
103,Mishkas,Q4,f,t,5.3912
104,TommyCoOp,Q4,f,f,1.944