Subject ID: 115,,,,,
Date: 2018-03-12,,,,,
Time: 11:53:45.539000,,,,,
,,,,,
Begining Recognition Session,,,,,
TrialNum,Scene,QNum,Correct,Keypress,RT
1,Delta,Q4,t,t,4.5916
2,LisaMishkas,Q8,f,t,4.717
3,LisaMishkas,Q9,f,f,7.1623
4,Nugget,Q4,f,t,3.5427
5,Nugget,Q1,t,f,2.3389
6,LisaNugget,Q10,f,f,4.0095
7,LisaNugget,Q3,t,t,4.1939
8,LisaMishkas,Q1,t,t,4.7643
9,Nugget,Q5,f,t,1.9634
10,Co-Op,Q2,f,f,7.2256
11,LisaMishkas,Q3,t,t,5.4293
12,LisaCoOp,Q7,t,t,5.961
13,TommyNugget,Q2,t,t,3.8459
14,TommyMishkas,Q4,f,f,2.0594
15,TommyMishkas,Q8,t,f,5.2618
16,LisaNugget,Q2,f,f,7.5089
17,TommyCoOp,Q8,t,t,3.4808
18,LisaCoOp,Q5,t,t,3.1969
19,LisaNugget,Q9,t,f,9.7531
20,LisaNugget,Q8,t,t,7.8274
21,LisaDelta,Q2,t,t,3.7795
22,LisaNugget,Q1,t,t,4.9988
23,Nugget,Q6,t,f,3.4008
24,TommyCoOp,Q1,f,f,5.0647
25,Delta,Q3,f,f,2.749
26,TommyDelta,Q1,t,t,4.8365
27,Nugget,Q2,f,f,2.5922
28,TommyCoOp,Q7,f,t,4.1397
29,TommyNugget,Q8,t,t,3.6677
30,TommyMishkas,Q3,f,t,8.9399
31,Delta,Q1,f,t,8.5468
32,TommyMishkas,Q9,f,f,2.5996
33,Mishkas,Q2,t,f,7.3053
34,TommyNugget,Q5,f,f,3.1727
35,TommyNugget,Q6,f,f,4.2966
36,Co-Op,Q3,f,f,2.4241
37,LisaDelta,Q9,f,f,6.3854
38,TommyMishkas,Q6,f,f,2.6912
39,TommyCoOp,Q3,f,f,4.1311
40,TommyNugget,Q10,t,t,7.6858
41,TommyNugget,Q7,f,t,4.4044
42,TommyMishkas,Q7,t,f,11.2303
43,LisaDelta,Q7,t,t,4.4683
44,Mishkas,Q6,f,t,6.2321
45,Mishkas,Q4,f,f,2.3398
46,LisaNugget,Q4,f,f,3.6789
47,LisaCoOp,Q4,f,f,3.8068
48,TommyCoOp,Q10,f,t,2.1372
49,TommyDelta,Q9,f,f,7.8213
50,LisaNugget,Q7,f,t,2.5775
51,Mishkas,Q1,t,t,2.311
52,Co-Op,Q5,f,f,7.7975
53,LisaDelta,Q6,f,f,11.1032
54,LisaCoOp,Q9,f,f,2.5268
55,TommyDelta,Q7,t,t,3.1669
56,Delta,Q5,t,f,5.3187
57,LisaDelta,Q8,f,t,3.3233
58,TommyMishkas,Q5,t,t,2.679
59,Nugget,Q3,t,f,3.3885
60,LisaCoOp,Q8,f,t,4.3871
61,LisaMishkas,Q10,t,t,2.9025
62,LisaCoOp,Q2,t,f,5.708
63,LisaCoOp,Q10,t,t,6.5856
64,Delta,Q6,f,t,2.4105
65,Co-Op,Q4,t,t,3.5042
66,TommyCoOp,Q2,t,t,3.2994
67,LisaMishkas,Q7,f,f,5.3948
68,TommyMishkas,Q2,t,f,3.1557
69,LisaMishkas,Q2,f,f,2.7277
70,LisaCoOp,Q1,t,t,3.104
71,LisaDelta,Q4,f,f,5.6412
72,TommyNugget,Q3,f,t,8.1163
73,LisaNugget,Q6,t,f,3.8132
74,LisaDelta,Q1,f,t,2.6727
75,LisaMishkas,Q4,f,t,2.495
76,TommyMishkas,Q1,t,t,7.1533
77,LisaDelta,Q3,t,t,3.8635
78,TommyDelta,Q10,t,t,3.4924
79,TommyNugget,Q9,f,f,4.3927
80,LisaMishkas,Q6,t,t,3.5611
81,TommyDelta,Q8,f,f,5.9273
82,TommyMishkas,Q10,f,f,5.0053
83,TommyCoOp,Q6,t,t,3.0271
84,LisaCoOp,Q6,f,t,5.2463
85,TommyNugget,Q1,t,t,2.4364
86,TommyNugget,Q4,t,t,5.3874
87,TommyDelta,Q4,f,f,3.4882
88,TommyDelta,Q3,t,t,2.5633
89,Co-Op,Q1,t,t,3.8096
90,TommyDelta,Q2,f,t,3.5168
91,TommyCoOp,Q4,f,f,2.9584
92,TommyCoOp,Q9,t,f,3.3412
93,Mishkas,Q5,t,f,3.3514
94,TommyDelta,Q5,t,t,4.2095
95,Delta,Q2,t,t,3.5485
96,Co-Op,Q6,t,f,5.5637
97,Mishkas,Q3,f,t,1.6784
98,LisaDelta,Q5,t,t,3.2283
99,LisaMishkas,Q5,t,t,3.2134
100,TommyCoOp,Q5,t,t,2.1946
101,LisaDelta,Q10,t,f,6.8855
102,TommyDelta,Q6,f,f,3.2125
103,LisaCoOp,Q3,f,t,2.0022
104,LisaNugget,Q5,f,t,2.5305