Subject ID: 116,,,,,
Date: 2018-03-12,,,,,
Time: 11:43:38.543000,,,,,
,,,,,
Begining Recognition Session,,,,,
TrialNum,Scene,QNum,Correct,Keypress,RT
1,TommyCoOp,Q2,t,t,11.6077
2,LisaNugget,Q6,t,t,7.8646
3,Delta,Q2,t,f,7.9499
4,Nugget,Q5,f,t,4.1393
5,TommyMishkas,Q9,f,f,5.705
6,TommyMishkas,Q5,t,f,10.61
7,TommyDelta,Q4,f,f,6.1518
8,LisaDelta,Q10,t,t,10.044
9,TommyCoOp,Q9,t,f,4.797
10,Mishkas,Q1,t,f,5.7861
11,TommyCoOp,Q10,f,f,7.4045
12,LisaNugget,Q2,f,f,14.2451
13,LisaNugget,Q8,t,t,6.4921
14,LisaMishkas,Q9,f,f,12.1053
15,Co-Op,Q4,t,f,14.9301
16,LisaDelta,Q5,t,t,3.4528
17,TommyCoOp,Q4,f,f,2.7396
18,Mishkas,Q4,f,f,9.1334
19,LisaDelta,Q8,f,f,6.672
20,Delta,Q5,t,f,8.8574
21,LisaCoOp,Q2,t,t,4.8238
22,LisaCoOp,Q1,t,t,5.0677
23,LisaMishkas,Q7,f,f,9.7975
24,TommyDelta,Q9,f,f,12.8967
25,TommyDelta,Q6,f,f,7.5564
26,LisaCoOp,Q10,t,t,7.9861
27,TommyDelta,Q2,f,f,13.1219
28,TommyCoOp,Q8,t,t,26.8377
29,TommyMishkas,Q7,t,f,8.4091
30,TommyNugget,Q8,t,t,11.4517
31,LisaNugget,Q7,f,f,9.4306
32,LisaCoOp,Q9,f,f,4.4016
33,LisaCoOp,Q6,f,f,4.7247
34,TommyNugget,Q2,t,f,9.3175
35,TommyCoOp,Q5,t,t,4.5285
36,LisaMishkas,Q8,f,f,11.1223
37,Mishkas,Q6,f,f,9.0534
38,Mishkas,Q3,f,f,4.8555
39,TommyNugget,Q1,t,t,9.2193
40,Co-Op,Q5,f,f,13.1136
41,LisaMishkas,Q10,t,t,5.4313
42,TommyNugget,Q10,t,t,6.3976
43,LisaNugget,Q5,f,f,8.0965
44,LisaDelta,Q7,t,t,10.4564
45,TommyMishkas,Q1,t,t,5.3889
46,TommyMishkas,Q8,t,t,13.2319
47,TommyMishkas,Q2,t,t,4.804
48,Mishkas,Q2,t,f,21.2013
49,LisaMishkas,Q6,t,t,5.0686
50,LisaDelta,Q9,f,f,5.9184
51,Nugget,Q6,t,f,4.6211
52,Delta,Q1,f,t,3.7009
53,TommyCoOp,Q6,t,t,3.8239
54,LisaCoOp,Q8,f,f,13.6667
55,LisaDelta,Q4,f,f,6.0439
56,LisaMishkas,Q4,f,f,8.9497
57,Mishkas,Q5,t,f,10.3557
58,LisaCoOp,Q4,f,f,6.6277
59,TommyNugget,Q4,t,t,6.4029
60,Co-Op,Q1,t,f,10.181
61,LisaNugget,Q3,t,t,34.1522
62,TommyMishkas,Q4,f,f,8.0043
63,Nugget,Q3,t,f,4.837
64,TommyMishkas,Q6,f,f,4.8087
65,LisaNugget,Q1,t,t,6.1718
66,LisaDelta,Q1,f,f,5.3127
67,Delta,Q6,f,f,4.8893
68,Nugget,Q1,t,f,6.3425
69,LisaMishkas,Q1,t,f,3.9039
70,TommyNugget,Q7,f,f,7.0373
71,Delta,Q4,t,t,6.1911
72,TommyDelta,Q3,t,t,8.6033
73,Nugget,Q4,f,f,8.066
74,TommyCoOp,Q7,f,f,6.2114
75,LisaNugget,Q10,f,f,5.9854
76,LisaMishkas,Q2,f,t,6.6497
77,TommyDelta,Q1,t,t,7.5931
78,LisaDelta,Q2,t,f,7.3581
79,LisaMishkas,Q5,t,f,6.7123
80,TommyMishkas,Q10,f,f,8.6241
81,LisaMishkas,Q3,t,f,11.2893
82,Delta,Q3,f,f,4.2475
83,Co-Op,Q2,f,f,5.2446
84,Co-Op,Q3,f,f,2.1092
85,TommyDelta,Q8,f,f,4.9359
86,Nugget,Q2,f,f,5.1184
87,TommyNugget,Q5,f,t,11.8096
88,LisaNugget,Q4,f,f,3.7497
89,LisaCoOp,Q5,t,t,5.1513
90,TommyNugget,Q9,f,f,8.6813
91,TommyMishkas,Q3,f,f,5.6755
92,TommyCoOp,Q3,f,f,7.572
93,LisaDelta,Q3,t,t,4.1073
94,TommyDelta,Q7,t,t,6.3338
95,TommyDelta,Q10,t,t,4.6771
96,LisaDelta,Q6,f,f,8.0954
97,LisaNugget,Q9,t,f,7.8737
98,TommyCoOp,Q1,f,f,4.6308
99,TommyNugget,Q6,f,f,3.4142
100,Co-Op,Q6,t,f,5.2413
101,TommyNugget,Q3,f,f,12.3563
102,TommyDelta,Q5,t,t,5.1668
103,LisaCoOp,Q7,t,f,10.7472
104,LisaCoOp,Q3,f,f,5.6854