Subject ID: 117,,,,,
Date: 2018-03-12,,,,,
Time: 13:31:50.987000,,,,,
,,,,,
Begining Recognition Session,,,,,
TrialNum,Scene,QNum,Correct,Keypress,RT
1,LisaCoOp,Q2,t,t,6.4635
2,Mishkas,Q1,t,t,0.1288
3,Mishkas,Q6,f,f,4.4933
4,TommyNugget,Q6,f,f,5.0394
5,TommyNugget,Q3,f,f,4.1835
6,LisaDelta,Q1,f,f,3.3244
7,TommyDelta,Q10,t,t,3.4787
8,LisaMishkas,Q1,t,t,3.8716
9,TommyCoOp,Q9,t,t,1.8375
10,LisaDelta,Q4,f,t,4.0424
11,TommyDelta,Q6,f,f,6.2176
12,Co-Op,Q6,t,t,3.9602
13,Co-Op,Q3,f,f,28.8215
14,LisaNugget,Q2,f,f,4.9363
15,TommyDelta,Q5,t,t,30.5493
16,Delta,Q6,f,f,2.4934
17,Mishkas,Q2,t,f,4.2072
18,Nugget,Q5,f,t,3.5577
19,TommyNugget,Q7,f,t,10.6242
20,LisaNugget,Q1,t,t,23.9846
21,LisaCoOp,Q10,t,t,5.0882
22,LisaNugget,Q4,f,t,7.0414
23,TommyCoOp,Q4,f,t,11.4661
24,TommyCoOp,Q10,f,f,2.1956
25,TommyNugget,Q4,t,t,5.1697
26,LisaMishkas,Q8,f,f,4.6769
27,TommyNugget,Q10,t,t,3.6769
28,TommyCoOp,Q6,t,f,3.5587
29,LisaMishkas,Q4,f,f,5.7316
30,LisaCoOp,Q3,f,t,2.6468
31,Nugget,Q2,f,f,4.5339
32,TommyCoOp,Q1,f,t,2.1956
33,LisaDelta,Q5,t,t,3.4273
34,Mishkas,Q5,t,f,6.36
35,TommyCoOp,Q5,t,f,3.6422
36,TommyDelta,Q4,f,t,35.1436
37,Co-Op,Q1,t,f,5.6097
38,LisaNugget,Q5,f,f,18.2084
39,TommyDelta,Q9,f,t,5.748
40,Mishkas,Q4,f,t,3.4155
41,TommyMishkas,Q6,f,t,25.2488
42,Delta,Q2,t,t,30.9117
43,LisaCoOp,Q6,f,f,2.7777
44,LisaNugget,Q9,t,t,27.7138
45,LisaCoOp,Q7,t,f,5.0505
46,TommyMishkas,Q7,t,f,6.524
47,Delta,Q4,t,t,57.3801
48,LisaNugget,Q8,t,f,10.2539
49,LisaNugget,Q3,t,f,3.1265
50,LisaDelta,Q3,t,t,1.705
51,TommyMishkas,Q4,f,t,2.5383
52,Nugget,Q4,f,t,2.3017
53,TommyCoOp,Q7,f,t,2.5118
54,LisaMishkas,Q6,t,t,10.1873
55,LisaCoOp,Q9,f,t,8.5278
56,LisaMishkas,Q3,t,t,10.252
57,LisaCoOp,Q5,t,t,5.8637
58,LisaNugget,Q6,t,t,3.5025
59,LisaCoOp,Q1,t,t,3.8512
60,LisaNugget,Q10,f,t,6.5176
61,LisaDelta,Q7,t,f,6.8396
62,Nugget,Q6,t,t,41.3319
63,LisaDelta,Q9,f,f,3.1229
64,TommyDelta,Q1,t,t,3.0238
65,TommyNugget,Q1,t,t,2.5928
66,TommyDelta,Q7,t,t,4.2799
67,Mishkas,Q3,f,f,9.7091
68,TommyCoOp,Q8,t,t,2.1386
69,LisaMishkas,Q9,f,f,5.4957
70,LisaMishkas,Q7,f,f,2.5981
71,Delta,Q5,t,t,4.194
72,Nugget,Q3,t,f,14.3104
73,LisaCoOp,Q8,f,t,2.7204
74,TommyMishkas,Q9,f,f,8.0969
75,TommyMishkas,Q2,t,t,2.1536
76,LisaDelta,Q8,f,f,2.0388
77,Co-Op,Q4,t,t,10.5746
78,TommyNugget,Q8,t,f,9.2688
79,Delta,Q3,f,t,2.204
80,TommyMishkas,Q10,f,f,2.8088
81,LisaDelta,Q10,t,t,21.2175
82,Co-Op,Q2,f,f,3.9551
83,TommyCoOp,Q2,t,t,38.4872
84,LisaMishkas,Q5,t,f,1.6636
85,LisaMishkas,Q10,t,t,0.3817
86,Nugget,Q1,t,t,0.4799
87,TommyMishkas,Q3,f,t,1.2767
88,Delta,Q1,f,f,1.4602
89,TommyMishkas,Q8,t,t,1.7024
90,TommyMishkas,Q5,t,t,1.712
91,LisaDelta,Q6,f,t,1.0176
92,TommyNugget,Q9,f,t,1.2244
93,TommyDelta,Q3,t,f,2.7347
94,LisaMishkas,Q2,f,t,2.3447
95,Co-Op,Q5,f,f,3.4406
96,TommyCoOp,Q3,f,f,1.7887
97,TommyMishkas,Q1,t,f,3.0634
98,TommyNugget,Q5,f,f,2.0878
99,TommyNugget,Q2,t,t,0.8986
100,LisaCoOp,Q4,f,f,0.6302
101,TommyDelta,Q2,f,t,0.4708
102,TommyDelta,Q8,f,t,0.4604
103,LisaDelta,Q2,t,t,0.6902
104,LisaNugget,Q7,f,f,0.5364