Subject ID: 118
Date: 2018-03-12
Time: 13:35:44.234000

Begining Recognition Session
TrialNum,Scene,QNum,Correct,Keypress,RT
1,LisaMishkas,Q5,t,f,7.7358
2,LisaNugget,Q7,f,f,11.9981
3,TommyDelta,Q2,f,f,7.5985
4,TommyMishkas,Q8,t,t,7.6203
5,TommyMishkas,Q2,t,f,5.0750
6,TommyNugget,Q9,f,f,5.5894
7,LisaDelta,Q4,f,f,3.8609
8,TommyCoOp,Q5,t,t,4.3056
9,TommyDelta,Q8,f,t,7.9134
10,TommyMishkas,Q1,t,f,13.8473
11,LisaNugget,Q9,t,t,10.3799
12,LisaNugget,Q2,f,f,3.9723
13,LisaNugget,Q4,f,t,7.8967
14,TommyNugget,Q10,t,t,2.8691
15,TommyNugget,Q4,t,t,4.9114
16,TommyMishkas,Q4,f,f,5.8933
17,Nugget,Q6,t,f,4.8752
18,LisaCoOp,Q8,f,t,5.4749
19,LisaMishkas,Q7,f,t,4.4827
20,LisaDelta,Q5,t,t,3.3354
21,TommyMishkas,Q5,t,t,4.8217
22,Mishkas,Q2,t,t,2.8286
23,Co-Op,Q5,f,t,4.8775
24,LisaMishkas,Q10,t,t,3.2131
25,TommyCoOp,Q3,f,f,2.3550
26,LisaCoOp,Q1,t,f,8.1126
27,LisaDelta,Q3,t,t,4.4070
28,LisaDelta,Q2,t,t,1.8868
29,TommyNugget,Q6,f,f,3.7267
30,Delta,Q5,t,f,4.1068
31,TommyDelta,Q10,t,t,4.8566
32,TommyNugget,Q5,f,f,2.6244
33,LisaCoOp,Q10,t,t,7.0568
34,LisaMishkas,Q6,t,t,6.2803
35,LisaDelta,Q9,f,f,7.4633
36,TommyCoOp,Q8,t,t,3.4597
37,LisaDelta,Q10,t,t,11.0383
38,LisaDelta,Q1,f,f,2.8799
39,Co-Op,Q6,t,t,2.2856
40,LisaDelta,Q6,f,f,5.2375
41,LisaNugget,Q10,f,f,2.9383
42,TommyDelta,Q5,t,t,2.5224
43,TommyNugget,Q2,t,t,2.9678
44,TommyDelta,Q6,f,f,4.2683
45,TommyDelta,Q9,f,f,5.1818
46,Mishkas,Q3,f,f,1.4910
47,LisaCoOp,Q7,t,t,2.7105
48,LisaCoOp,Q5,t,t,2.6236
49,Nugget,Q2,f,f,4.6160
50,TommyMishkas,Q6,f,f,4.4147
51,TommyCoOp,Q6,t,t,2.6388
52,Nugget,Q3,t,t,4.8489
53,LisaNugget,Q6,t,t,3.2878
54,TommyMishkas,Q3,f,f,5.8639
55,LisaNugget,Q1,t,t,3.5371
56,Nugget,Q5,f,f,3.9658
57,Co-Op,Q2,f,f,3.5893
58,TommyMishkas,Q10,f,f,3.0636
59,LisaCoOp,Q9,f,f,2.1488
60,Delta,Q2,t,t,4.5611
61,TommyDelta,Q3,t,t,5.2878
62,LisaCoOp,Q3,f,f,4.0518
63,LisaNugget,Q8,t,t,3.7411
64,TommyCoOp,Q2,t,t,3.6276
65,Delta,Q6,f,t,2.8983
66,TommyDelta,Q1,t,t,3.2532
67,TommyCoOp,Q4,f,f,2.2360
68,Co-Op,Q4,t,f,4.0698
69,TommyCoOp,Q9,t,f,3.5007
70,LisaMishkas,Q9,f,f,6.4497
71,LisaCoOp,Q4,f,f,3.8441
72,LisaMishkas,Q1,t,f,2.5811
73,Co-Op,Q3,f,f,1.7760
74,Delta,Q3,f,f,1.0268
75,TommyNugget,Q3,f,f,3.1155
76,Mishkas,Q1,t,t,3.3510
77,TommyCoOp,Q1,f,t,6.1446
78,LisaNugget,Q5,f,t,2.6559
79,LisaCoOp,Q2,t,t,3.5084
80,LisaNugget,Q3,t,t,1.3196
81,TommyNugget,Q1,t,t,1.8640
82,LisaMishkas,Q4,f,t,2.3731
83,Mishkas,Q4,f,t,7.6629
84,LisaDelta,Q7,t,f,4.6869
85,Mishkas,Q5,t,f,5.2478
86,LisaCoOp,Q6,f,f,1.8355
87,TommyCoOp,Q7,f,t,2.3359
88,TommyNugget,Q7,f,t,4.0570
89,LisaMishkas,Q8,f,f,5.0989
90,Co-Op,Q1,t,t,4.3429
91,TommyNugget,Q8,t,t,2.8234
92,LisaMishkas,Q3,t,f,3.5699
93,Nugget,Q4,f,f,2.3631
94,TommyCoOp,Q10,f,f,2.2320
95,TommyDelta,Q7,t,t,3.3743
96,Nugget,Q1,t,f,2.1077
97,TommyMishkas,Q7,t,t,4.7178
98,TommyDelta,Q4,f,f,3.0229
99,TommyMishkas,Q9,f,f,2.9917
100,Delta,Q4,t,f,3.3436
101,Delta,Q1,f,f,2.3516
102,Mishkas,Q6,f,f,2.0546
103,LisaDelta,Q8,f,t,1.3397
104,LisaMishkas,Q2,f,f,3.0826
