Subject ID: 119
Date: 2018-03-13
Time: 15:00:20.740000

Begining Recognition Session
TrialNum,Scene,QNum,Correct,Keypress,RT
1,LisaDelta,Q6,f,f,5.3755
2,LisaMishkas,Q6,t,t,28.9333
3,LisaNugget,Q9,t,t,15.7869
4,LisaMishkas,Q4,f,f,6.9976
5,LisaCoOp,Q8,f,f,21.6129
6,TommyDelta,Q6,f,f,5.6304
7,Co-Op,Q1,t,t,4.8184
8,LisaNugget,Q3,t,t,5.3093
9,TommyDelta,Q3,t,t,6.5176
10,TommyNugget,Q7,f,t,13.1925
11,LisaDelta,Q10,t,t,13.1570
12,TommyMishkas,Q9,f,t,7.4729
13,LisaNugget,Q7,f,f,33.6333
14,Mishkas,Q3,f,t,10.5619
15,TommyCoOp,Q5,t,f,8.6052
16,LisaCoOp,Q1,t,t,4.4279
17,LisaMishkas,Q1,t,t,4.8394
18,LisaDelta,Q7,t,f,11.1783
19,TommyMishkas,Q4,f,f,5.0229
20,TommyCoOp,Q7,f,t,4.4881
21,TommyDelta,Q2,f,t,6.7381
22,TommyMishkas,Q2,t,f,5.9737
23,Delta,Q5,t,t,6.1807
24,Co-Op,Q2,f,f,4.4724
25,LisaDelta,Q2,t,f,25.4107
26,TommyCoOp,Q6,t,t,4.1236
27,Nugget,Q1,t,f,9.8304
28,LisaNugget,Q4,f,f,4.7067
29,Co-Op,Q6,t,t,10.5237
30,LisaNugget,Q6,t,f,13.7587
31,LisaCoOp,Q9,f,f,3.2653
32,Delta,Q6,f,f,5.4163
33,Mishkas,Q2,t,t,3.8906
34,LisaMishkas,Q3,t,f,2.9202
35,TommyNugget,Q2,t,f,8.3652
36,LisaNugget,Q2,f,f,3.3419
37,LisaNugget,Q8,t,t,4.1741
38,TommyCoOp,Q1,f,f,10.5867
39,Mishkas,Q6,f,f,7.0875
40,TommyCoOp,Q4,f,f,9.0172
41,TommyMishkas,Q3,f,f,9.0419
42,LisaCoOp,Q4,f,t,15.3701
43,TommyDelta,Q5,t,f,11.0193
44,LisaDelta,Q9,f,t,16.3231
45,TommyCoOp,Q2,t,f,5.3700
46,TommyDelta,Q8,f,f,4.9319
47,TommyCoOp,Q10,f,f,10.1210
48,TommyDelta,Q1,t,t,5.2198
49,Mishkas,Q1,t,f,3.8893
50,Mishkas,Q5,t,f,18.9178
51,TommyNugget,Q9,f,f,16.5143
52,TommyDelta,Q10,t,t,3.2781
53,LisaNugget,Q1,t,t,6.8794
54,TommyNugget,Q10,t,t,3.5034
55,Co-Op,Q5,f,f,6.3058
56,TommyDelta,Q7,t,t,3.9303
57,Delta,Q3,f,f,10.4292
58,TommyNugget,Q5,f,f,6.8110
59,TommyCoOp,Q8,t,t,3.8138
60,LisaCoOp,Q2,t,t,3.0494
61,TommyNugget,Q8,t,t,20.2412
62,LisaDelta,Q5,t,t,3.2405
63,LisaCoOp,Q7,t,t,12.4440
64,LisaMishkas,Q7,f,f,6.5754
65,TommyMishkas,Q10,f,f,7.0689
66,Nugget,Q2,f,f,4.4305
67,Mishkas,Q4,f,f,7.7858
68,TommyMishkas,Q6,f,f,5.3161
69,Co-Op,Q3,f,t,13.3799
70,LisaMishkas,Q10,t,t,7.1637
71,TommyCoOp,Q9,t,t,3.6397
72,LisaCoOp,Q10,t,t,14.7977
73,LisaMishkas,Q5,t,f,6.7166
74,TommyNugget,Q3,f,t,13.4906
75,TommyNugget,Q4,t,t,12.2133
76,LisaCoOp,Q3,f,f,3.6988
77,LisaCoOp,Q5,t,t,3.1467
78,TommyCoOp,Q3,f,f,4.5269
79,Nugget,Q6,t,f,6.9161
80,Delta,Q1,f,t,5.2262
81,LisaDelta,Q4,f,f,8.7097
82,TommyNugget,Q1,t,t,7.1202
83,Delta,Q2,t,t,4.2829
84,TommyDelta,Q4,f,t,3.9289
85,LisaDelta,Q1,f,t,28.7010
86,LisaMishkas,Q2,f,f,4.3351
87,Nugget,Q3,t,f,6.4786
88,TommyMishkas,Q5,t,f,5.1784
89,LisaMishkas,Q8,f,t,10.6814
90,TommyMishkas,Q8,t,f,7.3104
91,TommyDelta,Q9,f,f,2.9693
92,Nugget,Q4,f,f,5.0131
93,TommyMishkas,Q1,t,t,7.1769
94,Delta,Q4,t,t,4.0561
95,LisaCoOp,Q6,f,f,12.2885
96,Nugget,Q5,f,t,2.8231
97,LisaNugget,Q5,f,t,7.1957
98,LisaNugget,Q10,f,f,3.7375
99,TommyNugget,Q6,f,f,4.0905
100,TommyMishkas,Q7,t,f,14.2760
101,LisaDelta,Q8,f,f,8.7469
102,Co-Op,Q4,t,f,5.8610
103,LisaDelta,Q3,t,t,3.5449
104,LisaMishkas,Q9,f,f,4.9941
