Subject ID: 120,,,,,
Date: 2018-03-13,,,,,
Time: 14:54:26.745000,,,,,
,,,,,
Begining Recognition Session,,,,,
TrialNum,Scene,QNum,Correct,Keypress,RT
1,LisaNugget,Q6,t,f,11.3517
2,TommyCoOp,Q4,f,f,3.6872
3,TommyMishkas,Q2,t,t,2.9371
4,LisaNugget,Q1,t,t,3.0239
5,TommyDelta,Q10,t,t,4.097
6,TommyDelta,Q2,f,f,3.5301
7,LisaCoOp,Q8,f,t,3.9756
8,LisaMishkas,Q4,f,t,4.3031
9,LisaDelta,Q2,t,t,1.8071
10,LisaNugget,Q7,f,f,2.7227
11,LisaMishkas,Q6,t,t,3.9562
12,Delta,Q2,t,t,2.6277
13,LisaNugget,Q3,t,t,3.9704
14,TommyCoOp,Q1,f,f,2.442
15,TommyNugget,Q7,f,f,2.2439
16,Nugget,Q4,f,f,8.5566
17,LisaCoOp,Q3,f,t,6.1297
18,TommyMishkas,Q9,f,f,3.0777
19,TommyNugget,Q2,t,t,2.504
20,LisaMishkas,Q3,t,f,6.7875
21,Mishkas,Q4,f,f,5.7524
22,LisaMishkas,Q10,t,t,3.6897
23,LisaNugget,Q9,t,t,3.7001
24,LisaCoOp,Q9,f,f,1.8622
25,LisaDelta,Q4,f,t,3.0289
26,LisaCoOp,Q7,t,t,4.9516
27,LisaCoOp,Q6,f,t,2.4258
28,LisaCoOp,Q5,t,f,1.6108
29,TommyCoOp,Q8,t,t,1.6347
30,TommyNugget,Q10,t,t,8.7473
31,TommyDelta,Q3,t,t,5.0132
32,TommyNugget,Q4,t,t,2.7259
33,LisaCoOp,Q1,t,t,2.0281
34,TommyCoOp,Q10,f,f,1.8293
35,LisaDelta,Q5,t,t,4.9531
36,LisaMishkas,Q2,f,f,1.8643
37,TommyCoOp,Q9,t,f,2.0011
38,LisaDelta,Q7,t,t,4.009
39,LisaDelta,Q9,f,t,2.537
40,LisaCoOp,Q2,t,t,3.9389
41,Mishkas,Q6,f,f,7.8415
42,Nugget,Q1,t,f,3.9819
43,LisaCoOp,Q10,t,t,5.8216
44,LisaMishkas,Q5,t,f,2.5005
45,LisaDelta,Q10,t,t,7.7136
46,LisaDelta,Q6,f,f,5.5947
47,TommyDelta,Q1,t,t,3.5848
48,LisaMishkas,Q1,t,t,4.2003
49,TommyCoOp,Q7,f,f,1.3549
50,LisaMishkas,Q7,f,f,3.9064
51,Co-Op,Q3,f,t,3.2313
52,TommyMishkas,Q7,t,t,2.2547
53,Nugget,Q2,f,f,3.6479
54,Delta,Q4,t,f,3.1746
55,TommyMishkas,Q10,f,t,3.2573
56,TommyNugget,Q5,f,t,4.9044
57,TommyMishkas,Q1,t,t,2.9739
58,Co-Op,Q4,t,t,5.8057
59,Mishkas,Q1,t,f,3.2092
60,Co-Op,Q1,t,t,5.3246
61,LisaNugget,Q10,f,f,3.5118
62,Nugget,Q6,t,t,3.0594
63,TommyDelta,Q7,t,f,5.1172
64,TommyNugget,Q8,t,t,5.3924
65,Co-Op,Q5,f,t,2.6849
66,TommyNugget,Q3,f,f,2.8111
67,TommyMishkas,Q5,t,f,2.6785
68,LisaNugget,Q5,f,t,3.2149
69,Delta,Q3,f,f,2.2609
70,LisaMishkas,Q8,f,f,2.524
71,TommyCoOp,Q3,f,f,2.7124
72,TommyMishkas,Q8,t,f,6.5805
73,LisaNugget,Q8,t,f,4.1766
74,TommyMishkas,Q3,f,f,4.5893
75,TommyCoOp,Q5,t,f,4.3232
76,Delta,Q6,f,f,2.692
77,Co-Op,Q6,t,f,7.8206
78,LisaMishkas,Q9,f,f,1.9927
79,TommyNugget,Q1,t,f,4.737
80,LisaDelta,Q3,t,t,3.2505
81,TommyDelta,Q8,f,t,3.7292
82,Nugget,Q5,f,t,2.7707
83,Mishkas,Q5,t,f,12.7105
84,Mishkas,Q2,t,f,2.8733
85,TommyCoOp,Q2,t,t,2.6305
86,TommyCoOp,Q6,t,t,1.4136
87,TommyDelta,Q4,f,f,3.5047
88,TommyMishkas,Q4,f,f,1.4579
89,TommyDelta,Q6,f,f,2.4218
90,Mishkas,Q3,f,t,2.7154
91,LisaNugget,Q4,f,f,2.9941
92,LisaNugget,Q2,f,t,6.4664
93,TommyMishkas,Q6,f,f,3.7971
94,LisaDelta,Q8,f,f,4.2722
95,Nugget,Q3,t,f,3.9678
96,Delta,Q1,f,f,4.5833
97,LisaCoOp,Q4,f,f,3.5744
98,Delta,Q5,t,t,3.5002
99,Co-Op,Q2,f,f,3.0157
100,TommyDelta,Q9,f,t,4.1124
101,TommyNugget,Q6,f,t,3.7446
102,TommyNugget,Q9,f,f,4.5521
103,LisaDelta,Q1,f,f,2.6832
104,TommyDelta,Q5,t,t,3.0031