Subject ID: 121
Date: 2018-03-14
Time: 21:59:38.875000

Begining Recognition Session
TrialNum,Scene,QNum,Correct,Keypress,RT
1,Mishkas,Q3,f,f,10.8552
2,LisaDelta,Q9,f,t,7.6333
3,LisaMishkas,Q8,f,f,12.4775
4,Delta,Q1,f,t,10.2178
5,Mishkas,Q6,f,t,5.8244
6,TommyMishkas,Q7,t,t,4.5900
7,LisaNugget,Q3,t,t,4.5016
8,TommyDelta,Q9,f,t,8.8480
9,TommyCoOp,Q1,f,t,2.6058
10,LisaNugget,Q6,t,t,4.7574
11,TommyCoOp,Q2,t,t,5.0460
12,LisaNugget,Q1,t,t,3.3797
13,TommyNugget,Q8,t,t,3.2354
14,Co-Op,Q6,t,t,6.3849
15,TommyDelta,Q2,f,f,5.8645
16,TommyNugget,Q7,f,t,6.2850
17,Co-Op,Q5,f,f,5.9845
18,LisaCoOp,Q5,t,f,4.5762
19,Nugget,Q6,t,f,4.1769
20,Nugget,Q1,t,t,8.3282
21,LisaDelta,Q7,t,t,6.2427
22,TommyMishkas,Q6,f,f,4.3844
23,TommyCoOp,Q8,t,t,10.8317
24,TommyDelta,Q5,t,t,4.8453
25,TommyMishkas,Q10,f,t,4.0830
26,Co-Op,Q3,f,f,4.1426
27,TommyDelta,Q8,f,f,5.4402
28,Nugget,Q2,f,f,4.6139
29,LisaMishkas,Q4,f,t,3.6686
30,Mishkas,Q1,t,f,8.8169
31,LisaNugget,Q5,f,t,7.1434
32,Delta,Q5,t,t,6.4800
33,LisaNugget,Q8,t,t,3.7726
34,TommyCoOp,Q3,f,f,4.3012
35,TommyDelta,Q10,t,t,5.0318
36,Co-Op,Q2,f,f,7.1013
37,LisaNugget,Q9,t,t,8.9447
38,TommyDelta,Q3,t,t,5.8423
39,TommyNugget,Q6,f,f,6.0708
40,Delta,Q3,f,f,4.6354
41,LisaDelta,Q4,f,f,5.2730
42,LisaCoOp,Q6,f,f,6.5895
43,TommyCoOp,Q6,t,t,4.7572
44,TommyDelta,Q4,f,t,4.3818
45,TommyMishkas,Q5,t,f,4.3014
46,Mishkas,Q5,t,f,6.9689
47,LisaNugget,Q7,f,f,3.5046
48,LisaMishkas,Q1,t,f,3.9883
49,LisaCoOp,Q3,f,t,4.2110
50,LisaCoOp,Q7,t,t,4.9546
51,Mishkas,Q4,f,f,5.3231
52,Delta,Q2,t,t,13.5892
53,TommyDelta,Q6,f,f,5.3756
54,TommyMishkas,Q1,t,t,5.8472
55,Co-Op,Q1,t,f,7.9246
56,TommyNugget,Q2,t,t,4.4952
57,TommyCoOp,Q5,t,t,3.7149
58,LisaMishkas,Q9,f,f,8.1493
59,LisaMishkas,Q7,f,f,5.1100
60,Nugget,Q5,f,t,2.0247
61,Nugget,Q4,f,f,8.8391
62,LisaMishkas,Q10,t,t,7.9325
63,TommyNugget,Q10,t,t,7.5020
64,LisaMishkas,Q3,t,f,5.3206
65,TommyCoOp,Q10,f,f,5.0912
66,Delta,Q6,f,f,2.6069
67,TommyNugget,Q5,f,f,3.5256
68,LisaMishkas,Q5,t,t,7.8560
69,TommyNugget,Q9,f,f,2.6208
70,LisaDelta,Q8,f,f,2.4346
71,TommyMishkas,Q9,f,f,12.2637
72,LisaDelta,Q3,t,t,4.2044
73,LisaCoOp,Q2,t,t,9.6117
74,Mishkas,Q2,t,f,4.3784
75,LisaCoOp,Q1,t,t,3.0661
76,LisaDelta,Q6,f,f,4.2387
77,LisaDelta,Q1,f,t,3.2124
78,TommyCoOp,Q4,f,f,2.3632
79,TommyMishkas,Q4,f,f,3.8289
80,TommyDelta,Q1,t,t,3.5625
81,Delta,Q4,t,t,5.9071
82,LisaDelta,Q10,t,f,9.2624
83,TommyNugget,Q3,f,f,8.1709
84,LisaNugget,Q2,f,f,2.7397
85,TommyNugget,Q1,t,f,3.5573
86,TommyCoOp,Q9,t,f,8.7737
87,LisaCoOp,Q9,f,f,2.5415
88,TommyNugget,Q4,t,t,4.2151
89,TommyMishkas,Q3,f,t,11.2293
90,LisaCoOp,Q4,f,f,6.3159
91,TommyMishkas,Q8,t,t,4.2225
92,LisaNugget,Q10,f,f,6.3000
93,LisaDelta,Q5,t,t,3.4387
94,TommyMishkas,Q2,t,t,4.4044
95,LisaMishkas,Q6,t,t,4.4680
96,LisaCoOp,Q10,t,t,5.4396
97,TommyCoOp,Q7,f,f,3.4373
98,TommyDelta,Q7,t,t,5.4749
99,LisaDelta,Q2,t,f,6.7914
100,LisaNugget,Q4,f,f,5.3510
101,Co-Op,Q4,t,f,4.6076
102,Nugget,Q3,t,f,5.4142
103,LisaMishkas,Q2,f,f,4.0689
104,LisaCoOp,Q8,f,t,4.2895
