Subject ID: 122,,,,,
Date: 2018-03-14,,,,,
Time: 14:51:52.656000,,,,,
,,,,,
Begining Recognition Session,,,,,
TrialNum,Scene,QNum,Correct,Keypress,RT
1,TommyDelta,Q2,f,t,12.7357
2,LisaCoOp,Q3,f,f,9.9975
3,LisaDelta,Q8,f,f,6.9678
4,LisaNugget,Q4,f,f,6.3523
5,TommyDelta,Q5,t,t,5.0017
6,TommyMishkas,Q8,t,t,9.6972
7,Mishkas,Q2,t,f,6.7485
8,TommyDelta,Q8,f,f,8.9899
9,LisaMishkas,Q2,f,f,5.1583
10,TommyCoOp,Q2,t,t,7.0928
11,Co-Op,Q1,t,t,3.4673
12,TommyNugget,Q10,t,t,6.3288
13,LisaMishkas,Q8,f,f,8.4033
14,TommyDelta,Q10,t,t,7.8346
15,LisaNugget,Q8,t,t,3.5771
16,Nugget,Q4,f,f,4.3937
17,LisaDelta,Q2,t,f,7.5092
18,LisaNugget,Q2,f,t,4.4687
19,Co-Op,Q2,f,f,5.5133
20,Delta,Q1,f,f,5.2048
21,LisaNugget,Q10,f,t,4.6603
22,LisaCoOp,Q4,f,f,8.4968
23,LisaCoOp,Q1,t,t,6.1332
24,Co-Op,Q4,t,t,5.0147
25,LisaNugget,Q7,f,f,6.7982
26,TommyCoOp,Q1,f,f,2.2616
27,Mishkas,Q1,t,f,5.1944
28,TommyNugget,Q1,t,f,7.7229
29,LisaCoOp,Q7,t,f,5.7893
30,TommyNugget,Q5,f,t,5.1168
31,TommyNugget,Q6,f,f,2.8004
32,TommyCoOp,Q3,f,t,3.6161
33,Mishkas,Q5,t,t,10.4785
34,Delta,Q4,t,t,5.2909
35,LisaMishkas,Q7,f,f,9.2773
36,TommyDelta,Q7,t,t,3.6837
37,LisaCoOp,Q8,f,t,3.7593
38,LisaCoOp,Q6,f,f,3.473
39,LisaCoOp,Q9,f,f,2.9656
40,TommyNugget,Q9,f,f,5.3262
41,TommyDelta,Q1,t,t,5.8898
42,TommyMishkas,Q5,t,f,8.1652
43,Nugget,Q6,t,f,8.0465
44,TommyCoOp,Q4,f,f,2.316
45,TommyNugget,Q8,t,t,2.9107
46,Nugget,Q5,f,t,2.7094
47,Nugget,Q2,f,f,3.7171
48,TommyNugget,Q4,t,t,4.6077
49,TommyMishkas,Q4,f,f,2.0293
50,TommyMishkas,Q3,f,f,4.701
51,LisaCoOp,Q10,t,f,14.2084
52,TommyDelta,Q3,t,t,4.5336
53,LisaDelta,Q1,f,f,3.7598
54,TommyCoOp,Q6,t,t,2.8657
55,LisaDelta,Q10,t,t,5.6063
56,LisaNugget,Q9,t,t,6.6137
57,LisaDelta,Q6,f,f,5.8052
58,TommyMishkas,Q9,f,f,6.6687
59,Nugget,Q1,t,f,4.2412
60,TommyMishkas,Q1,t,t,10.1497
61,TommyCoOp,Q10,f,f,2.449
62,TommyMishkas,Q7,t,f,6.5107
63,Delta,Q5,t,t,6.9461
64,LisaMishkas,Q5,t,t,4.3876
65,TommyCoOp,Q9,t,f,4.3474
66,TommyMishkas,Q6,f,f,3.4848
67,LisaDelta,Q4,f,f,1.9854
68,Mishkas,Q3,f,f,3.2972
69,TommyDelta,Q4,f,t,8.6607
70,Mishkas,Q4,f,f,7.837
71,Co-Op,Q3,f,t,4.8405
72,LisaMishkas,Q9,f,f,5.1651
73,TommyNugget,Q2,t,t,4.0076
74,Mishkas,Q6,f,t,7.9971
75,TommyCoOp,Q7,f,f,4.4306
76,LisaMishkas,Q6,t,t,5.5641
77,Co-Op,Q5,f,f,3.5657
78,Nugget,Q3,t,f,3.1983
79,TommyCoOp,Q5,t,t,4.6929
80,LisaNugget,Q1,t,t,4.6615
81,LisaNugget,Q6,t,t,5.1421
82,TommyMishkas,Q2,t,t,3.5417
83,TommyDelta,Q9,f,t,5.0023
84,TommyNugget,Q3,f,f,5.4658
85,LisaNugget,Q3,t,t,2.5194
86,Delta,Q3,f,f,3.778
87,TommyCoOp,Q8,t,t,3.5707
88,Delta,Q6,f,f,4.3873
89,LisaNugget,Q5,f,t,3.5799
90,Delta,Q2,t,t,4.7636
91,LisaMishkas,Q1,t,t,5.1801
92,LisaCoOp,Q5,t,t,1.5247
93,LisaCoOp,Q2,t,t,4.1734
94,TommyMishkas,Q10,f,t,7.542
95,LisaDelta,Q5,t,t,3.8294
96,TommyNugget,Q7,f,t,6.976
97,LisaDelta,Q3,t,t,3.5615
98,LisaMishkas,Q4,f,t,6.5301
99,LisaDelta,Q7,t,f,6.3165
100,LisaMishkas,Q3,t,f,3.5601
101,LisaDelta,Q9,f,f,4.3766
102,TommyDelta,Q6,f,f,3.3333
103,Co-Op,Q6,t,t,8.0038
104,LisaMishkas,Q10,t,t,1.9793